-0.2,-5.9,-7.8,0.1,-0.7,3.7
-2.3,-5.2,-8.8,0.1,-0.7,3.7
-2.3,-5.2,-8.8,1.5,-38.0,37.1
-0.7,-7.1,-6.5,1.5,-38.0,37.1
-0.7,-7.1,-6.5,-18.8,-24.0,-95.5
-1.2,-3.5,-8.5,-18.8,-24.0,-95.5
-1.2,-3.5,-8.5,66.0,-5.5,53.5
-3.9,-3.1,-8.1,66.0,-5.5,53.5
-3.9,-3.1,-8.1,40.1,39.2,-9.9
-2.6,-2.3,-9.8,40.1,39.2,-9.9
0.3,-2.2,-9.6,-11.3,-67.5,-3.5
0.3,-2.2,-9.6,-2.6,-49.7,26.3
1.7,-4.5,-7.7,-2.6,-49.7,26.3
1.7,-4.5,-7.7,16.4,21.7,23.7
1.8,-6.2,-7.2,16.4,21.7,23.7
1.8,-6.2,-7.2,22.6,48.6,8.9
1.0,-6.9,-6.6,22.6,48.6,8.9
1.0,-6.9,-6.6,44.6,51.9,-15.7
-0.7,-4.1,-8.7,44.6,51.9,-15.7
-0.7,-4.1,-8.7,17.6,-34.4,-57.2
-0.1,-1.7,-10.4,-42.2,-110.5,-10.9
1.8,-0.7,-10.3,-42.2,-110.5,-10.9
1.8,-0.7,-10.3,75.0,-70.7,11.8
3.8,-2.0,-9.5,75.0,-70.7,11.8
3.8,-2.0,-9.5,45.5,-5.8,76.2
3.8,-6.2,-5.3,45.5,-5.8,76.2
3.8,-6.2,-5.3,52.9,61.6,50.2
0.1,-7.6,-4.4,52.9,61.6,50.2
0.1,-7.6,-4.4,64.0,101.3,-8.7
-5.4,-5.2,-9.1,64.0,101.3,-8.7
-4.8,-3.5,-11.3,-14.3,-56.5,-109.5
-4.8,-3.5,-11.3,-14.3,-56.5,-109.5
-4.8,-3.5,-11.3,-14.3,-56.5,-109.5
-4.8,-3.5,-11.3,-14.3,-56.5,-109.5
-4.8,-3.5,-11.3,-14.3,-56.5,-109.5
-4.8,-3.5,-11.3,-14.3,-56.5,-109.5
-4.8,-3.5,-11.3,-14.3,-56.5,-109.5
-4.8,-3.5,-11.3,-14.3,-56.5,-109.5
-4.8,-3.5,-11.3,-14.3,-56.5,-109.5
-4.8,-3.5,-11.3,-14.3,-56.5,-109.5
-4.8,-3.5,-11.3,-14.3,-56.5,-109.5
-4.8,-3.5,-11.3,-14.3,-56.5,-109.5
-4.8,-3.5,-11.3,-14.3,-56.5,-109.5
-4.8,-3.5,-11.3,-14.3,-56.5,-109.5
-4.8,-3.5,-11.3,-14.3,-56.5,-109.5
-4.8,-3.5,-11.3,-14.3,-56.5,-109.5
-4.8,-3.5,-11.3,-14.3,-56.5,-109.5
-4.8,-3.5,-11.3,-14.3,-56.5,-109.5
-4.8,-3.5,-11.3,-14.3,-56.5,-109.5
-4.8,-3.5,-11.3,-14.3,-56.5,-109.5
-4.8,-3.5,-11.3,-14.3,-56.5,-109.5
-4.8,-3.5,-11.3,-14.3,-56.5,-109.5
-4.8,-3.5,-11.3,-14.3,-56.5,-109.5
-4.8,-3.5,-11.3,-14.3,-56.5,-109.5
-4.8,-3.5,-11.3,-14.3,-56.5,-109.5
-4.8,-3.5,-11.3,-14.3,-56.5,-109.5
-4.8,-3.5,-11.3,-14.3,-56.5,-109.5
-4.8,-3.5,-11.3,-14.3,-56.5,-109.5
-4.8,-3.5,-11.3,-14.3,-56.5,-109.5
-4.8,-3.5,-11.3,-14.3,-56.5,-109.5
-4.8,-3.5,-11.3,-14.3,-56.5,-109.5
-4.8,-3.5,-11.3,-14.3,-56.5,-109.5
-4.8,-3.5,-11.3,-14.3,-56.5,-109.5
-4.8,-3.5,-11.3,-14.3,-56.5,-109.5
-4.8,-3.5,-11.3,-14.3,-56.5,-109.5
-4.8,-3.5,-11.3,-14.3,-56.5,-109.5
-4.8,-3.5,-11.3,-14.3,-56.5,-109.5
-4.8,-3.5,-11.3,-14.3,-56.5,-109.5
-4.8,-3.5,-11.3,-14.3,-56.5,-109.5
-4.8,-3.5,-11.3,-14.3,-56.5,-109.5
-4.8,-3.5,-11.3,-14.3,-56.5,-109.5
-4.8,-3.5,-11.3,-14.3,-56.5,-109.5
-4.8,-3.5,-11.3,-14.3,-56.5,-109.5
-4.8,-3.5,-11.3,-14.3,-56.5,-109.5
-4.8,-3.5,-11.3,-14.3,-56.5,-109.5
-4.8,-3.5,-11.3,-14.3,-56.5,-109.5
-4.8,-3.5,-11.3,-14.3,-56.5,-109.5
-4.8,-3.5,-11.3,-14.3,-56.5,-109.5
-4.8,-3.5,-11.3,-14.3,-56.5,-109.5
-4.8,-3.5,-11.3,-14.3,-56.5,-109.5
-4.8,-3.5,-11.3,-14.3,-56.5,-109.5
-4.8,-3.5,-11.3,-14.3,-56.5,-109.5
-4.8,-3.5,-11.3,-14.3,-56.5,-109.5
-4.8,-3.5,-11.3,-14.3,-56.5,-109.5
-4.8,-3.5,-11.3,-14.3,-56.5,-109.5
-4.8,-3.5,-11.3,-14.3,-56.5,-109.5
-4.8,-3.5,-11.3,-14.3,-56.5,-109.5
-4.8,-3.5,-11.3,-14.3,-56.5,-109.5
-4.8,-3.5,-11.3,-14.3,-56.5,-109.5
-4.8,-3.5,-11.3,-14.3,-56.5,-109.5
-4.8,-3.5,-11.3,-14.3,-56.5,-109.5
-4.8,-3.5,-11.3,-14.3,-56.5,-109.5
-4.8,-3.5,-11.3,-14.3,-56.5,-109.5
-4.8,-3.5,-11.3,-14.3,-56.5,-109.5
-4.8,-3.5,-11.3,-14.3,-56.5,-109.5
-4.8,-3.5,-11.3,-14.3,-56.5,-109.5
-4.8,-3.5,-11.3,-14.3,-56.5,-109.5
-4.8,-3.5,-11.3,-14.3,-56.5,-109.5
-4.8,-3.5,-11.3,-14.3,-56.5,-109.5
-4.8,-3.5,-11.3,-14.3,-56.5,-109.5
-4.8,-3.5,-11.3,-14.3,-56.5,-109.5
-4.8,-3.5,-11.3,-14.3,-56.5,-109.5
-4.8,-3.5,-11.3,-14.3,-56.5,-109.5
-4.8,-3.5,-11.3,-14.3,-56.5,-109.5
-4.8,-3.5,-11.3,-14.3,-56.5,-109.5
-4.8,-3.5,-11.3,-14.3,-56.5,-109.5
-4.8,-3.5,-11.3,-14.3,-56.5,-109.5
-4.8,-3.5,-11.3,-14.3,-56.5,-109.5
-4.8,-3.5,-11.3,-14.3,-56.5,-109.5
-4.8,-3.5,-11.3,-14.3,-56.5,-109.5
-4.8,-3.5,-11.3,-14.3,-56.5,-109.5
-4.8,-3.5,-11.3,-14.3,-56.5,-109.5
-4.8,-3.5,-11.3,-14.3,-56.5,-109.5
-4.8,-3.5,-11.3,-14.3,-56.5,-109.5
-4.8,-3.5,-11.3,-14.3,-56.5,-109.5
-4.8,-3.5,-11.3,-14.3,-56.5,-109.5
-4.8,-3.5,-11.3,-14.3,-56.5,-109.5
-4.8,-3.5,-11.3,-14.3,-56.5,-109.5
-4.8,-3.5,-11.3,-14.3,-56.5,-109.5
-4.8,-3.5,-11.3,-14.3,-56.5,-109.5
-4.8,-3.5,-11.3,-14.3,-56.5,-109.5
-4.8,-3.5,-11.3,-14.3,-56.5,-109.5
-4.8,-3.5,-11.3,-14.3,-56.5,-109.5
-4.8,-3.5,-11.3,-14.3,-56.5,-109.5
-4.8,-3.5,-11.3,-14.3,-56.5,-109.5
-4.8,-3.5,-11.3,-14.3,-56.5,-109.5
-4.8,-3.5,-11.3,-14.3,-56.5,-109.5
0.6,0.0,-11.0,-14.3,-56.5,-109.5
0.6,0.0,-11.0,59.1,-73.0,138.3
3.6,-8.0,-5.5,59.1,-73.0,138.3
3.8,0.3,-13.2,5.3,-188.2,22.1
3.8,0.3,-13.2,-33.9,-42.8,76.3
0.2,-4.8,-4.7,-33.9,-42.8,76.3
0.2,-4.8,-4.7,143.1,134.2,38.6
-5.2,-4.6,-7.6,143.1,134.2,38.6
-5.2,-4.6,-7.6,-36.3,-146.9,-129.6
-1.2,1.6,-12.1,-36.3,-146.9,-129.6
-1.2,1.6,-12.1,26.7,-87.0,87.8
2.8,-3.9,-7.2,26.7,-87.0,87.8
2.8,-3.9,-7.2,111.4,119.6,71.8
-3.9,-3.7,-6.8,-33.9,-117.8,-157.1
2.0,0.7,-11.7,-33.9,-117.8,-157.1
2.0,0.7,-11.7,-2.3,-148.5,75.5
6.0,-2.9,-9.9,-2.3,-148.5,75.5
6.0,-2.9,-9.9,128.7,141.5,83.5
-3.9,-5.0,-3.3,128.7,141.5,83.5
-3.9,-5.0,-3.3,54.6,-103.3,-148.1
1.8,0.5,-12.5,54.6,-103.3,-148.1
1.8,0.5,-12.5,-44.4,-185.5,41.9
6.6,-1.8,-7.2,-44.4,-185.5,41.9
0.8,-2.2,-6.8,-14.3,-80.3,91.3
0.8,-2.2,-6.8,289.8,157.2,125.6
-2.8,-5.6,-6.9,289.8,157.2,125.6
-2.8,-5.6,-6.9,-27.1,-151.9,-154.6
3.8,-0.2,-13.6,-27.1,-151.9,-154.6
3.8,-0.2,-13.6,1.6,-87.2,91.4
1.0,-3.6,-3.8,1.6,-87.2,91.4
1.0,-3.6,-3.8,131.6,115.3,-1.0
-2.7,-4.4,-8.8,131.6,115.3,-1.0
-2.7,-4.4,-8.8,-114.6,-209.6,-70.6
3.0,0.1,-10.4,-22.4,-17.7,-4.3
0.3,-0.2,-9.9,-22.4,-17.7,-4.3
0.3,-0.2,-9.9,-30.9,-83.7,3.2
0.9,-1.9,-9.1,-30.9,-83.7,3.2
0.9,-1.9,-9.1,3.9,-8.8,36.9
0.6,-5.1,-8.6,3.9,-8.8,36.9
0.6,-5.1,-8.6,19.8,10.2,28.3
1.1,-6.7,-5.8,19.8,10.2,28.3
1.1,-6.7,-5.8,28.4,60.2,13.4
-0.9,-6.4,-5.8,28.4,60.2,13.4
-2.4,1.0,-8.2,-44.1,-134.7,-13.7
-2.4,1.0,-8.2,-92.3,-97.7,-40.2
-1.1,-1.5,-10.8,-92.3,-97.7,-40.2
-1.1,-1.5,-10.8,95.9,92.7,137.2
-1.3,-6.4,-5.3,95.9,92.7,137.2
-1.3,-6.4,-5.3,79.9,93.5,-36.3
-1.3,-2.5,-11.1,79.9,93.5,-36.3
-1.3,-2.5,-11.1,-12.8,-88.6,-45.8
1.1,-0.7,-11.5,-12.8,-88.6,-45.8
1.1,-0.7,-11.5,-12.6,-76.0,37.4
-1.9,1.0,-11.5,-50.0,-141.5,-77.1
-1.9,1.0,-11.5,4.1,-181.3,25.5
4.3,-3.1,-10.5,4.1,-181.3,25.5
4.3,-3.1,-10.5,40.0,47.0,117.1
2.1,-5.5,-5.9,40.0,47.0,117.1
2.1,-5.5,-5.9,101.7,116.5,20.5
-1.0,-6.2,-5.2,101.7,116.5,20.5
-1.0,-6.2,-5.2,51.4,68.5,-74.1
0.2,-4.1,-12.6,51.4,68.5,-74.1
0.2,-4.1,-12.6,-17.6,-98.5,-24.6
4.1,-4.4,-6.4,100.1,142.5,64.8
-4.4,-3.6,-3.4,100.1,142.5,64.8
-4.4,-3.6,-3.4,180.5,56.6,-73.8
2.4,-3.0,-11.0,180.5,56.6,-73.8
2.4,-3.0,-11.0,-131.5,-221.2,-20.6
3.2,-1.6,-10.8,-131.5,-221.2,-20.6
3.2,-1.6,-10.8,37.9,20.9,130.7
-0.5,-6.4,-4.6,37.9,20.9,130.7
-0.5,-6.4,-4.6,102.0,91.2,7.0
-6.8,-4.0,-6.2,102.0,91.2,7.0
-0.7,-4.5,-7.0,153.6,144.8,140.3
-0.7,-4.5,-7.0,183.9,120.9,2.9
1.9,-1.2,-15.8,183.9,120.9,2.9
1.9,-1.2,-15.8,24.6,-171.7,53.0
5.1,-0.4,-12.5,24.6,-171.7,53.0
5.1,-0.4,-12.5,-42.2,-70.6,85.4
2.1,-3.5,-3.5,-42.2,-70.6,85.4
2.1,-3.5,-3.5,85.2,90.6,34.3
-2.7,-6.0,-4.5,85.2,90.6,34.3
-2.7,-6.0,-4.5,109.6,68.2,-51.8
-1.4,-5.3,-5.7,49.8,81.3,90.3
-1.4,-5.3,-5.7,141.0,127.8,-18.7
0.7,-3.0,-10.0,141.0,127.8,-18.7
0.7,-3.0,-10.0,-15.4,-173.6,9.1
2.7,-2.5,-8.5,-15.4,-173.6,9.1
2.7,-2.5,-8.5,-16.6,-59.7,50.3
4.6,-7.0,-5.0,-16.6,-59.7,50.3
4.6,-7.0,-5.0,44.3,41.0,68.8
-0.7,-4.8,-2.0,44.3,41.0,68.8
-0.7,-4.8,-2.0,31.5,94.0,-108.0
4.4,-2.0,-2.6,-3.1,141.4,-83.4
-3.1,0.6,-9.5,-3.1,141.4,-83.4
-3.1,0.6,-9.5,134.7,-59.0,-143.8
9.1,7.9,-8.0,134.7,-59.0,-143.8
9.1,7.9,-8.0,60.0,-91.4,175.9
10.6,0.1,-4.1,60.0,-91.4,175.9
10.6,0.1,-4.1,116.9,160.2,-88.5
-3.7,-0.7,-11.9,116.9,160.2,-88.5
-3.7,-0.7,-11.9,69.8,11.4,-182.5
4.3,4.9,-11.8,69.8,11.4,-182.5
-0.6,2.7,-10.8,33.8,56.4,-145.3
-0.6,2.7,-10.8,36.0,-209.4,44.7
8.8,2.1,-9.5,36.0,-209.4,44.7
8.8,2.1,-9.5,90.5,41.7,101.6
4.6,-3.2,-3.6,90.5,41.7,101.6
4.6,-3.2,-3.6,48.2,161.6,-82.3
-4.2,-1.8,-11.7,48.2,161.6,-82.3
-4.2,-1.8,-11.7,66.2,-66.6,-129.9
4.3,1.0,-9.4,66.2,-66.6,-129.9
4.3,1.0,-9.4,-66.8,-167.5,106.3
2.3,2.5,-9.9,5.1,-209.3,117.6
6.7,-0.2,-5.9,5.1,-209.3,117.6
6.7,-0.2,-5.9,158.7,100.0,37.4
-1.7,-4.3,-4.9,158.7,100.0,37.4
-1.7,-4.3,-4.9,42.1,155.7,-124.0
-2.3,1.0,-11.8,42.1,155.7,-124.0
-2.3,1.0,-11.8,60.3,-275.5,33.5
7.7,1.7,-10.0,60.3,-275.5,33.5
7.7,1.7,-10.0,97.7,33.0,134.3
-0.7,-3.7,-4.1,97.7,33.0,134.3
-6.6,-4.3,-12.1,135.5,168.9,-61.5
-6.6,-4.3,-12.1,69.7,-96.0,-69.3
4.9,3.0,-12.1,69.7,-96.0,-69.3
4.9,3.0,-12.1,14.0,-70.5,130.3
-0.2,-5.0,0.5,14.0,-70.5,130.3
-0.2,-5.0,0.5,90.3,156.6,-53.7
-4.9,-3.8,-9.9,90.3,156.6,-53.7
-4.9,-3.8,-9.9,65.0,-99.5,-88.3
6.6,3.0,-16.7,65.0,-99.5,-88.3
6.6,3.0,-16.7,-13.5,-86.7,253.2
8.6,1.4,-5.3,69.4,161.0,54.0
-2.1,-4.6,-4.6,69.4,161.0,54.0
-2.1,-4.6,-4.6,50.7,128.1,-129.8
-1.5,0.5,-12.1,50.7,128.1,-129.8
-1.5,0.5,-12.1,25.6,-159.0,22.5
3.6,1.4,-10.3,25.6,-159.0,22.5
3.6,1.4,-10.3,54.1,-88.0,66.9
8.9,0.5,-8.1,54.1,-88.0,66.9
8.9,0.5,-8.1,73.5,127.0,94.3
-2.6,-4.6,-4.6,73.5,127.0,94.3
-4.1,-7.3,-4.4,49.1,137.0,49.0
-4.1,-7.3,-4.4,136.5,134.8,-257.0
0.2,1.2,-10.4,136.5,134.8,-257.0
0.2,1.2,-10.4,102.7,-309.0,62.7
4.3,-2.4,-2.5,102.7,-309.0,62.7
4.3,-2.4,-2.5,89.8,188.8,22.1
-6.6,-6.0,-6.2,89.8,188.8,22.1
-6.6,-6.0,-6.2,-15.5,48.5,-124.8
1.3,3.0,-9.9,-15.5,48.5,-124.8
1.3,3.0,-9.9,-38.0,-263.4,175.8
3.5,-2.0,-4.5,115.1,254.9,-20.3
-6.8,0.2,-14.2,115.1,254.9,-20.3
-6.8,0.2,-14.2,46.2,-228.5,-32.5
8.7,5.6,-11.0,46.2,-228.5,-32.5
8.7,5.6,-11.0,96.6,84.6,150.2
-1.1,-3.4,-4.0,96.6,84.6,150.2
-1.1,-3.4,-4.0,41.0,183.7,-161.7
-0.8,1.3,-12.5,41.0,183.7,-161.7
-0.8,1.3,-12.5,-36.8,-193.1,13.4
7.7,0.1,-7.4,-36.8,-193.1,13.4
12.6,3.2,-3.3,-32.8,-125.0,-137.0
12.6,3.2,-3.3,146.9,187.3,-40.2
-8.0,0.9,-11.8,146.9,187.3,-40.2
-8.0,0.9,-11.8,110.9,-96.3,-59.8
13.2,13.6,-8.7,110.9,-96.3,-59.8
13.2,13.6,-8.7,132.2,94.1,242.5
-2.8,-0.5,-4.5,132.2,94.1,242.5
-2.8,-0.5,-4.5,83.7,157.8,-199.4
3.9,-0.1,-8.8,83.7,157.8,-199.4
3.9,-0.1,-8.8,-33.9,-49.1,-12.5
7.6,-0.6,-2.2,67.1,197.4,33.8
-6.9,-6.0,-5.4,67.1,197.4,33.8
-6.9,-6.0,-5.4,-31.6,-20.9,-100.1
-1.2,-1.1,-10.4,-31.6,-20.9,-100.1
-1.2,-1.1,-10.4,16.8,-138.2,-27.6
-2.6,-2.6,-16.9,16.8,-138.2,-27.6
-2.6,-2.6,-16.9,45.5,-82.3,242.2
4.0,-6.4,-2.1,45.5,-82.3,242.2
4.0,-6.4,-2.1,24.2,230.7,-217.9
0.9,0.8,-12.8,24.2,230.7,-217.9
0.3,-4.2,-3.7,31.2,-60.8,190.8
0.3,-4.2,-3.7,48.1,136.2,-98.0
-3.9,-1.8,-10.3,48.1,136.2,-98.0
-3.9,-1.8,-10.3,10.8,-194.3,-60.3
5.7,1.5,-11.1,10.8,-194.3,-60.3
5.7,1.5,-11.1,63.2,1.6,147.3
3.2,-3.0,-4.9,63.2,1.6,147.3
3.2,-3.0,-4.9,88.9,184.7,-32.3
-1.4,-6.8,-6.6,88.9,184.7,-32.3
-1.4,-6.8,-6.6,16.1,-8.8,-63.6
11.8,3.2,-3.3,91.1,-211.5,89.7
11.8,3.2,-3.3,42.2,119.2,35.9
3.7,-3.8,-3.9,42.2,119.2,35.9
3.7,-3.8,-3.9,-14.6,175.3,-123.9
-2.9,-0.4,-11.9,-14.6,175.3,-123.9
-2.9,-0.4,-11.9,-32.0,-65.8,-3.8
0.9,0.6,-11.4,-32.0,-65.8,-3.8
0.9,0.6,-11.4,-21.6,-92.0,52.5
4.2,0.2,-12.3,-21.6,-92.0,52.5
4.2,0.2,-12.3,43.2,-10.8,182.4
3.4,-3.4,-3.2,34.4,-26.6,-23.2
3.4,-3.4,-3.2,65.8,140.2,-7.3
-5.3,-5.9,-7.7,65.8,140.2,-7.3
-5.3,-5.9,-7.7,-15.3,-125.3,-92.1
7.1,2.8,-12.4,-15.3,-125.3,-92.1
7.1,2.8,-12.4,47.5,-37.3,143.7
3.9,-3.1,-2.3,47.5,-37.3,143.7
3.9,-3.1,-2.3,44.4,194.2,-61.9
-4.4,-3.1,-10.8,44.4,194.2,-61.9
-4.4,-3.1,-10.8,-9.2,-142.7,-88.2
5.0,0.2,-1.1,120.6,302.0,-182.1
-4.2,-1.1,-12.3,120.6,302.0,-182.1
-4.2,-1.1,-12.3,57.8,-300.3,22.4
8.3,2.2,-6.9,57.8,-300.3,22.4
8.3,2.2,-6.9,79.1,147.6,108.0
-3.7,-2.5,-7.5,79.1,147.6,108.0
-3.7,-2.5,-7.5,31.7,48.6,-139.2
4.0,3.0,-13.2,31.7,48.6,-139.2
4.0,3.0,-13.2,-57.2,-163.8,159.8
2.6,-4.0,-2.6,-57.2,-163.8,159.8
5.3,-1.4,-2.4,4.6,207.1,-76.6
-4.9,-5.3,-10.7,4.6,207.1,-76.6
-4.9,-5.3,-10.7,-63.1,-52.8,-24.2
-3.3,-2.4,-8.4,-63.1,-52.8,-24.2
-3.3,-2.4,-8.4,18.2,-119.7,-55.1
4.3,-0.7,-10.3,18.2,-119.7,-55.1
4.3,-0.7,-10.3,43.2,117.8,32.7
0.1,-1.4,-10.7,43.2,117.8,32.7
0.1,-1.4,-10.7,-60.3,16.3,-149.8
-2.5,-2.8,-14.0,-60.3,16.3,-149.8
-2.5,-2.8,-14.0,78.1,12.7,37.9
-2.5,-2.8,-14.0,78.1,12.7,37.9
-2.5,-2.8,-14.0,78.1,12.7,37.9
-2.5,-2.8,-14.0,78.1,12.7,37.9
-2.5,-2.8,-14.0,78.1,12.7,37.9
-2.5,-2.8,-14.0,78.1,12.7,37.9
-2.5,-2.8,-14.0,78.1,12.7,37.9
-2.5,-2.8,-14.0,78.1,12.7,37.9
-2.5,-2.8,-14.0,78.1,12.7,37.9
-2.5,-2.8,-14.0,78.1,12.7,37.9
-2.5,-2.8,-14.0,78.1,12.7,37.9
-2.5,-2.8,-14.0,78.1,12.7,37.9
-2.5,-2.8,-14.0,78.1,12.7,37.9
-2.5,-2.8,-14.0,78.1,12.7,37.9
-2.5,-2.8,-14.0,78.1,12.7,37.9
-2.5,-2.8,-14.0,78.1,12.7,37.9
-2.5,-2.8,-14.0,78.1,12.7,37.9
-2.5,-2.8,-14.0,78.1,12.7,37.9
-2.5,-2.8,-14.0,78.1,12.7,37.9
-2.5,-2.8,-14.0,78.1,12.7,37.9
-2.5,-2.8,-14.0,78.1,12.7,37.9
-2.5,-2.8,-14.0,78.1,12.7,37.9
-2.5,-2.8,-14.0,78.1,12.7,37.9
-2.5,-2.8,-14.0,78.1,12.7,37.9
-2.5,-2.8,-14.0,78.1,12.7,37.9
-2.5,-2.8,-14.0,78.1,12.7,37.9
-2.5,-2.8,-14.0,78.1,12.7,37.9
-2.5,-2.8,-14.0,78.1,12.7,37.9
-2.5,-2.8,-14.0,78.1,12.7,37.9
-2.5,-2.8,-14.0,78.1,12.7,37.9
5.2,1.0,-14.5,-121.3,-129.8,90.1
5.2,1.0,-14.5,-121.3,-129.8,90.1
5.2,1.0,-14.5,-121.3,-129.8,90.1
5.2,1.0,-14.5,-121.3,-129.8,90.1
5.2,1.0,-14.5,-121.3,-129.8,90.1
5.2,1.0,-14.5,-121.3,-129.8,90.1
5.2,1.0,-14.5,-121.3,-129.8,90.1
5.2,1.0,-14.5,-121.3,-129.8,90.1
5.2,1.0,-14.5,-121.3,-129.8,90.1
5.2,1.0,-14.5,-121.3,-129.8,90.1
5.2,1.0,-14.5,-121.3,-129.8,90.1
5.2,1.0,-14.5,-121.3,-129.8,90.1
5.2,1.0,-14.5,-121.3,-129.8,90.1
5.2,1.0,-14.5,-121.3,-129.8,90.1
5.2,1.0,-14.5,-121.3,-129.8,90.1
5.2,1.0,-14.5,-121.3,-129.8,90.1
5.2,1.0,-14.5,-121.3,-129.8,90.1
5.2,1.0,-14.5,-121.3,-129.8,90.1
5.2,1.0,-14.5,-121.3,-129.8,90.1
5.2,1.0,-14.5,-121.3,-129.8,90.1
5.2,1.0,-14.5,-121.3,-129.8,90.1
5.2,1.0,-14.5,-121.3,-129.8,90.1
5.2,1.0,-14.5,-121.3,-129.8,90.1
5.2,1.0,-14.5,-121.3,-129.8,90.1
5.2,1.0,-14.5,-121.3,-129.8,90.1
5.2,1.0,-14.5,-121.3,-129.8,90.1
5.2,1.0,-14.5,-121.3,-129.8,90.1
5.2,1.0,-14.5,-121.3,-129.8,90.1
5.2,1.0,-14.5,-121.3,-129.8,90.1
5.2,1.0,-14.5,-121.3,-129.8,90.1
5.2,1.0,-14.5,-121.3,-129.8,90.1
5.2,1.0,-14.5,-121.3,-129.8,90.1
5.2,1.0,-14.5,-121.3,-129.8,90.1
5.2,1.0,-14.5,-121.3,-129.8,90.1
5.2,1.0,-14.5,-121.3,-129.8,90.1
5.2,1.0,-14.5,-121.3,-129.8,90.1
5.2,1.0,-14.5,-121.3,-129.8,90.1
5.2,1.0,-14.5,-121.3,-129.8,90.1
5.2,1.0,-14.5,-121.3,-129.8,90.1
5.2,1.0,-14.5,-121.3,-129.8,90.1
5.2,1.0,-14.5,-121.3,-129.8,90.1
5.2,1.0,-14.5,-121.3,-129.8,90.1
5.2,1.0,-14.5,-121.3,-129.8,90.1
5.2,1.0,-14.5,-121.3,-129.8,90.1
5.2,1.0,-14.5,-121.3,-129.8,90.1
5.2,1.0,-14.5,-121.3,-129.8,90.1
5.2,1.0,-14.5,-121.3,-129.8,90.1
5.2,1.0,-14.5,-121.3,-129.8,90.1
5.2,1.0,-14.5,-121.3,-129.8,90.1
5.2,1.0,-14.5,-121.3,-129.8,90.1
5.2,1.0,-14.5,-121.3,-129.8,90.1
5.2,1.0,-14.5,-121.3,-129.8,90.1
5.2,1.0,-14.5,-121.3,-129.8,90.1
5.2,1.0,-14.5,-121.3,-129.8,90.1
5.2,1.0,-14.5,-121.3,-129.8,90.1
5.2,1.0,-14.5,-121.3,-129.8,90.1
5.2,1.0,-14.5,-121.3,-129.8,90.1
5.2,1.0,-14.5,-121.3,-129.8,90.1
5.2,1.0,-14.5,-121.3,-129.8,90.1
5.2,1.0,-14.5,-121.3,-129.8,90.1
5.2,1.0,-14.5,-121.3,-129.8,90.1
5.2,1.0,-14.5,-121.3,-129.8,90.1
5.2,1.0,-14.5,-121.3,-129.8,90.1
5.2,1.0,-14.5,-121.3,-129.8,90.1
5.2,1.0,-14.5,-121.3,-129.8,90.1
5.2,1.0,-14.5,-121.3,-129.8,90.1
5.2,1.0,-14.5,-121.3,-129.8,90.1
5.2,1.0,-14.5,-121.3,-129.8,90.1
5.2,1.0,-14.5,-121.3,-129.8,90.1
5.2,1.0,-14.5,-121.3,-129.8,90.1
5.2,1.0,-14.5,-121.3,-129.8,90.1
5.2,1.0,-14.5,-121.3,-129.8,90.1
5.2,1.0,-14.5,-121.3,-129.8,90.1
5.2,1.0,-14.5,-121.3,-129.8,90.1
5.2,1.0,-14.5,-121.3,-129.8,90.1
5.2,1.0,-14.5,-121.3,-129.8,90.1
5.2,1.0,-14.5,-121.3,-129.8,90.1
5.2,1.0,-14.5,-121.3,-129.8,90.1
5.2,1.0,-14.5,-121.3,-129.8,90.1
5.2,1.0,-14.5,-121.3,-129.8,90.1
5.2,1.0,-14.5,-121.3,-129.8,90.1
5.2,1.0,-14.5,-121.3,-129.8,90.1
5.2,1.0,-14.5,-121.3,-129.8,90.1
5.2,1.0,-14.5,-121.3,-129.8,90.1
5.2,1.0,-14.5,-121.3,-129.8,90.1
5.2,1.0,-14.5,-121.3,-129.8,90.1
5.2,1.0,-14.5,-121.3,-129.8,90.1
5.2,1.0,-14.5,-121.3,-129.8,90.1
5.2,1.0,-14.5,-121.3,-129.8,90.1
5.2,1.0,-14.5,-121.3,-129.8,90.1
5.2,1.0,-14.5,-121.3,-129.8,90.1
5.2,1.0,-14.5,-121.3,-129.8,90.1
5.2,1.0,-14.5,-121.3,-129.8,90.1
5.2,1.0,-14.5,-121.3,-129.8,90.1
5.2,1.0,-14.5,-121.3,-129.8,90.1
5.2,1.0,-14.5,-121.3,-129.8,90.1
5.2,1.0,-14.5,-121.3,-129.8,90.1
5.2,1.0,-14.5,-121.3,-129.8,90.1
5.2,1.0,-14.5,-121.3,-129.8,90.1
5.2,1.0,-14.5,-121.3,-129.8,90.1
5.2,1.0,-14.5,-121.3,-129.8,90.1
5.2,1.0,-14.5,-121.3,-129.8,90.1
5.2,1.0,-14.5,-121.3,-129.8,90.1
5.2,1.0,-14.5,-121.3,-129.8,90.1
5.2,1.0,-14.5,-121.3,-129.8,90.1
5.2,1.0,-14.5,-121.3,-129.8,90.1
5.2,1.0,-14.5,-121.3,-129.8,90.1
5.2,1.0,-14.5,-121.3,-129.8,90.1
5.2,1.0,-14.5,-121.3,-129.8,90.1
5.2,1.0,-14.5,-121.3,-129.8,90.1
5.2,1.0,-14.5,-121.3,-129.8,90.1
5.2,1.0,-14.5,-121.3,-129.8,90.1
5.2,1.0,-14.5,-121.3,-129.8,90.1
5.2,1.0,-14.5,-121.3,-129.8,90.1
5.2,1.0,-14.5,-121.3,-129.8,90.1
5.2,1.0,-14.5,-121.3,-129.8,90.1
5.2,1.0,-14.5,-121.3,-129.8,90.1
5.2,1.0,-14.5,-121.3,-129.8,90.1
5.2,1.0,-14.5,-121.3,-129.8,90.1
5.2,1.0,-14.5,-121.3,-129.8,90.1
5.2,1.0,-14.5,-121.3,-129.8,90.1
5.2,1.0,-14.5,-121.3,-129.8,90.1
5.2,1.0,-14.5,-121.3,-129.8,90.1
5.2,1.0,-14.5,-121.3,-129.8,90.1
5.2,1.0,-14.5,-121.3,-129.8,90.1
5.2,1.0,-14.5,-121.3,-129.8,90.1
5.2,1.0,-14.5,-121.3,-129.8,90.1
5.2,1.0,-14.5,-121.3,-129.8,90.1
5.2,1.0,-14.5,-121.3,-129.8,90.1
5.2,1.0,-14.5,-121.3,-129.8,90.1
5.2,1.0,-14.5,-121.3,-129.8,90.1
5.2,1.0,-14.5,-121.3,-129.8,90.1
5.2,1.0,-14.5,-121.3,-129.8,90.1
5.2,1.0,-14.5,-121.3,-129.8,90.1
5.2,1.0,-14.5,-121.3,-129.8,90.1
5.2,1.0,-14.5,-121.3,-129.8,90.1
5.2,1.0,-14.5,-121.3,-129.8,90.1
5.2,1.0,-14.5,-121.3,-129.8,90.1
5.2,1.0,-14.5,-121.3,-129.8,90.1
5.2,1.0,-14.5,-121.3,-129.8,90.1
5.2,1.0,-14.5,-121.3,-129.8,90.1
5.2,1.0,-14.5,-121.3,-129.8,90.1
5.2,1.0,-14.5,-121.3,-129.8,90.1
5.2,1.0,-14.5,-121.3,-129.8,90.1
5.2,1.0,-14.5,-121.3,-129.8,90.1
5.2,1.0,-14.5,-121.3,-129.8,90.1
5.2,1.0,-14.5,-121.3,-129.8,90.1
5.2,1.0,-14.5,-121.3,-129.8,90.1
5.2,1.0,-14.5,-121.3,-129.8,90.1
5.2,1.0,-14.5,-121.3,-129.8,90.1
5.2,1.0,-14.5,-121.3,-129.8,90.1
5.2,1.0,-14.5,-121.3,-129.8,90.1
5.2,1.0,-14.5,-121.3,-129.8,90.1
5.2,1.0,-14.5,-121.3,-129.8,90.1
5.2,1.0,-14.5,-121.3,-129.8,90.1
5.2,1.0,-14.5,-121.3,-129.8,90.1
5.2,1.0,-14.5,-121.3,-129.8,90.1
5.2,1.0,-14.5,-121.3,-129.8,90.1
5.2,1.0,-14.5,-121.3,-129.8,90.1
5.2,1.0,-14.5,-121.3,-129.8,90.1
5.2,1.0,-14.5,-121.3,-129.8,90.1
5.2,1.0,-14.5,-121.3,-129.8,90.1
5.2,1.0,-14.5,-121.3,-129.8,90.1
5.2,1.0,-14.5,-121.3,-129.8,90.1
5.2,1.0,-14.5,-121.3,-129.8,90.1
5.2,1.0,-14.5,-121.3,-129.8,90.1
5.2,1.0,-14.5,-121.3,-129.8,90.1
5.2,1.0,-14.5,-121.3,-129.8,90.1
5.2,1.0,-14.5,-121.3,-129.8,90.1
5.2,1.0,-14.5,-121.3,-129.8,90.1
5.2,1.0,-14.5,-121.3,-129.8,90.1
5.2,1.0,-14.5,-121.3,-129.8,90.1
5.2,1.0,-14.5,-121.3,-129.8,90.1
5.2,1.0,-14.5,-121.3,-129.8,90.1
5.2,1.0,-14.5,-121.3,-129.8,90.1
5.2,1.0,-14.5,-121.3,-129.8,90.1
5.2,1.0,-14.5,-121.3,-129.8,90.1
5.2,1.0,-14.5,-121.3,-129.8,90.1
5.2,1.0,-14.5,-121.3,-129.8,90.1
5.2,1.0,-14.5,-121.3,-129.8,90.1
5.2,1.0,-14.5,-121.3,-129.8,90.1
5.2,1.0,-14.5,-121.3,-129.8,90.1
5.2,1.0,-14.5,-121.3,-129.8,90.1
5.2,1.0,-14.5,-121.3,-129.8,90.1
5.2,1.0,-14.5,-121.3,-129.8,90.1
5.2,1.0,-14.5,-121.3,-129.8,90.1
5.2,1.0,-14.5,-121.3,-129.8,90.1
5.2,1.0,-14.5,-121.3,-129.8,90.1
5.2,1.0,-14.5,-121.3,-129.8,90.1
5.2,1.0,-14.5,-121.3,-129.8,90.1
5.2,1.0,-14.5,-121.3,-129.8,90.1
5.2,1.0,-14.5,-121.3,-129.8,90.1
5.2,1.0,-14.5,-121.3,-129.8,90.1
5.2,1.0,-14.5,-121.3,-129.8,90.1
5.2,1.0,-14.5,-121.3,-129.8,90.1
5.2,1.0,-14.5,-121.3,-129.8,90.1
5.2,1.0,-14.5,-121.3,-129.8,90.1
5.2,1.0,-14.5,-121.3,-129.8,90.1
5.2,1.0,-14.5,-121.3,-129.8,90.1
5.2,1.0,-14.5,-121.3,-129.8,90.1
5.2,1.0,-14.5,-121.3,-129.8,90.1
5.2,1.0,-14.5,-121.3,-129.8,90.1
5.2,1.0,-14.5,-121.3,-129.8,90.1
5.2,1.0,-14.5,-121.3,-129.8,90.1
5.2,1.0,-14.5,-121.3,-129.8,90.1
5.2,1.0,-14.5,-121.3,-129.8,90.1
5.2,1.0,-14.5,-121.3,-129.8,90.1
5.2,1.0,-14.5,-121.3,-129.8,90.1
5.2,1.0,-14.5,-121.3,-129.8,90.1
5.2,1.0,-14.5,-121.3,-129.8,90.1
5.2,1.0,-14.5,-121.3,-129.8,90.1
5.2,1.0,-14.5,-121.3,-129.8,90.1
5.2,1.0,-14.5,-121.3,-129.8,90.1
5.2,1.0,-14.5,-121.3,-129.8,90.1
5.2,1.0,-14.5,-121.3,-129.8,90.1
5.2,1.0,-14.5,-121.3,-129.8,90.1
5.2,1.0,-14.5,-121.3,-129.8,90.1
5.2,1.0,-14.5,-121.3,-129.8,90.1
5.2,1.0,-14.5,-121.3,-129.8,90.1
5.2,1.0,-14.5,-121.3,-129.8,90.1
5.2,1.0,-14.5,-121.3,-129.8,90.1
5.2,1.0,-14.5,-121.3,-129.8,90.1
5.2,1.0,-14.5,-121.3,-129.8,90.1
5.2,1.0,-14.5,-121.3,-129.8,90.1
5.2,1.0,-14.5,-121.3,-129.8,90.1
5.2,1.0,-14.5,-121.3,-129.8,90.1
5.2,1.0,-14.5,-121.3,-129.8,90.1
5.2,1.0,-14.5,-121.3,-129.8,90.1
5.2,1.0,-14.5,-121.3,-129.8,90.1
5.2,1.0,-14.5,-121.3,-129.8,90.1
5.2,1.0,-14.5,-121.3,-129.8,90.1
5.2,1.0,-14.5,-121.3,-129.8,90.1
5.2,1.0,-14.5,-121.3,-129.8,90.1
5.2,1.0,-14.5,-121.3,-129.8,90.1
5.2,1.0,-14.5,-121.3,-129.8,90.1
5.2,1.0,-14.5,-121.3,-129.8,90.1
5.2,1.0,-14.5,-121.3,-129.8,90.1
5.2,1.0,-14.5,-121.3,-129.8,90.1
5.2,1.0,-14.5,-121.3,-129.8,90.1
5.2,1.0,-14.5,-121.3,-129.8,90.1
5.2,1.0,-14.5,-121.3,-129.8,90.1
5.2,1.0,-14.5,-121.3,-129.8,90.1
5.2,1.0,-14.5,-121.3,-129.8,90.1
5.2,1.0,-14.5,-121.3,-129.8,90.1
5.2,1.0,-14.5,-121.3,-129.8,90.1
5.2,1.0,-14.5,-121.3,-129.8,90.1
5.2,1.0,-14.5,-121.3,-129.8,90.1
5.2,1.0,-14.5,-121.3,-129.8,90.1
5.2,1.0,-14.5,-121.3,-129.8,90.1
5.2,1.0,-14.5,-121.3,-129.8,90.1
5.2,1.0,-14.5,-121.3,-129.8,90.1
5.2,1.0,-14.5,-121.3,-129.8,90.1
5.2,1.0,-14.5,-121.3,-129.8,90.1
5.2,1.0,-14.5,-121.3,-129.8,90.1
5.2,1.0,-14.5,-121.3,-129.8,90.1
5.2,1.0,-14.5,-121.3,-129.8,90.1
5.2,1.0,-14.5,-121.3,-129.8,90.1
5.2,1.0,-14.5,-121.3,-129.8,90.1
5.2,1.0,-14.5,-121.3,-129.8,90.1
5.2,1.0,-14.5,-121.3,-129.8,90.1
5.2,1.0,-14.5,-121.3,-129.8,90.1
5.2,1.0,-14.5,-121.3,-129.8,90.1
5.2,1.0,-14.5,-121.3,-129.8,90.1
5.2,1.0,-14.5,-121.3,-129.8,90.1
5.2,1.0,-14.5,-121.3,-129.8,90.1
5.2,1.0,-14.5,-121.3,-129.8,90.1
5.2,1.0,-14.5,-121.3,-129.8,90.1
5.2,1.0,-14.5,-121.3,-129.8,90.1
5.2,1.0,-14.5,-121.3,-129.8,90.1
5.2,1.0,-14.5,-121.3,-129.8,90.1
5.2,1.0,-14.5,-121.3,-129.8,90.1
5.2,1.0,-14.5,-121.3,-129.8,90.1
5.2,1.0,-14.5,-121.3,-129.8,90.1
5.2,1.0,-14.5,-121.3,-129.8,90.1
5.2,1.0,-14.5,-121.3,-129.8,90.1
5.2,1.0,-14.5,-121.3,-129.8,90.1
5.2,1.0,-14.5,-121.3,-129.8,90.1
5.2,1.0,-14.5,-121.3,-129.8,90.1
5.2,1.0,-14.5,-121.3,-129.8,90.1
5.2,1.0,-14.5,-121.3,-129.8,90.1
5.2,1.0,-14.5,-121.3,-129.8,90.1
5.2,1.0,-14.5,-121.3,-129.8,90.1
5.2,1.0,-14.5,-121.3,-129.8,90.1
5.2,1.0,-14.5,-121.3,-129.8,90.1
5.2,1.0,-14.5,-121.3,-129.8,90.1
5.2,1.0,-14.5,-121.3,-129.8,90.1
5.2,1.0,-14.5,-121.3,-129.8,90.1
5.2,1.0,-14.5,-121.3,-129.8,90.1
5.2,1.0,-14.5,-121.3,-129.8,90.1
5.2,1.0,-14.5,-121.3,-129.8,90.1
9.4,-1.7,-19.8,54.1,-4.2,340.1
-9.6,-5.3,-7.3,54.1,-4.2,340.1
-9.6,-5.3,-7.3,37.4,-155.1,-160.0
9.8,-0.7,-9.5,37.4,-155.1,-160.0
9.8,-0.7,-9.5,57.2,125.0,55.0
-6.1,-6.3,-6.5,57.2,125.0,55.0
-6.1,-6.3,-6.5,-30.3,-129.1,-116.2
8.9,-0.7,-10.1,-30.3,-129.1,-116.2
8.9,-0.7,-10.1,132.3,155.3,145.9
-4.4,-0.1,-20.8,132.3,155.3,145.9
6.0,-4.3,3.0,-16.8,-147.1,111.9
6.0,-4.3,3.0,70.1,159.2,-43.2
-6.7,-3.7,-11.5,70.1,159.2,-43.2
-6.7,-3.7,-11.5,-37.2,-137.2,11.8
4.2,-3.8,0.2,-37.2,-137.2,11.8
4.2,-3.8,0.2,115.0,174.0,-95.2
-2.3,-2.7,-13.8,115.0,174.0,-95.2
-2.3,-2.7,-13.8,-44.0,-145.3,21.6
2.6,1.3,-0.5,-44.0,-145.3,21.6
2.6,1.3,-0.5,192.3,207.0,13.2
-0.9,-3.4,2.7,-68.2,-154.4,196.1
-0.9,-3.4,2.7,219.1,121.5,-197.6
0.6,-4.2,-18.1,219.1,121.5,-197.6
0.6,-4.2,-18.1,14.8,-93.0,89.0
5.8,-1.7,3.8,14.8,-93.0,89.0
5.8,-1.7,3.8,73.3,176.5,-94.4
-2.9,-3.5,-22.3,73.3,176.5,-94.4
-2.9,-3.5,-22.3,-24.8,-156.2,128.8
9.2,-2.7,-2.8,-24.8,-156.2,128.8
9.2,-2.7,-2.8,52.0,179.9,-31.2
-5.1,-2.8,-7.1,49.1,10.9,-103.0
4.0,1.2,-19.6,49.1,10.9,-103.0
4.0,1.2,-19.6,-42.5,-98.2,233.3
1.2,-4.9,-4.3,-42.5,-98.2,233.3
1.2,-4.9,-4.3,169.3,141.6,-36.3
-5.5,-4.5,-16.7,169.3,141.6,-36.3
-5.5,-4.5,-16.7,-68.8,-130.3,78.5
3.4,-3.2,2.5,-68.8,-130.3,78.5
3.4,-3.2,2.5,64.8,66.5,-65.6
-7.8,-2.7,-12.2,64.8,66.5,-65.6
10.2,-0.6,-19.4,-99.9,22.5,153.9
-8.9,-1.9,-4.3,-99.9,22.5,153.9
-8.9,-1.9,-4.3,-38.0,-231.7,-121.6
8.4,-2.3,-9.2,-38.0,-231.7,-121.6
8.4,-2.3,-9.2,166.1,165.7,151.5
-2.4,-1.4,-9.9,166.1,165.7,151.5
-2.4,-1.4,-9.9,-148.6,-222.3,-72.6
5.5,-0.6,-7.6,-148.6,-222.3,-72.6
5.5,-0.6,-7.6,210.8,201.2,124.0
5.1,-0.6,-20.6,210.8,201.2,124.0
-0.6,-3.6,-13.8,151.0,152.1,123.8
-0.6,-3.6,-13.8,-131.5,-215.7,47.4
3.8,-1.7,-3.4,-131.5,-215.7,47.4
3.8,-1.7,-3.4,165.8,138.6,-7.4
4.7,-1.6,-17.2,165.8,138.6,-7.4
4.7,-1.6,-17.2,-140.1,-163.3,33.4
1.3,-1.5,-6.8,-140.1,-163.3,33.4
1.3,-1.5,-6.8,19.4,139.5,14.7
1.7,-1.1,-16.9,19.4,139.5,14.7
1.7,-1.1,-16.9,-53.2,-141.9,157.7
-2.8,-1.9,-13.9,-172.3,-272.4,0.8
-1.3,-0.8,-6.9,-172.3,-272.4,0.8
-1.3,-0.8,-6.9,571.8,146.2,117.1
5.3,-2.1,-15.3,571.8,146.2,117.1
5.3,-2.1,-15.3,-169.9,-150.6,134.6
-2.3,-2.8,-1.6,-169.9,-150.6,134.6
-2.3,-2.8,-1.6,314.8,-34.9,-137.0
9.4,-0.9,-14.0,314.8,-34.9,-137.0
9.4,-0.9,-14.0,-70.2,70.1,157.4
-7.7,-2.8,-4.6,-70.2,70.1,157.4
12.8,-3.1,-9.9,98.2,345.9,107.5
2.0,-0.7,-14.0,98.2,345.9,107.5
2.0,-0.7,-14.0,-188.8,-263.1,122.6
3.3,-3.6,-9.4,-188.8,-263.1,122.6
3.3,-3.6,-9.4,246.2,256.9,190.8
-0.2,-0.6,-13.8,246.2,256.9,190.8
-0.2,-0.6,-13.8,-164.0,-268.3,94.4
7.4,-3.2,-12.2,-164.0,-268.3,94.4
7.4,-3.2,-12.2,95.8,268.8,161.5
0.5,-1.6,-10.8,95.8,268.8,161.5
-0.5,0.9,-7.4,-52.8,-338.3,62.4
-0.5,0.9,-7.4,666.9,176.7,46.5
2.8,0.6,-13.7,666.9,176.7,46.5
2.8,0.6,-13.7,-120.4,-81.4,62.5
-4.1,-3.2,-0.1,-120.4,-81.4,62.5
-4.1,-3.2,-0.1,259.8,-36.1,-166.0
7.5,-0.8,-13.7,259.8,-36.1,-166.0
7.5,-0.8,-13.7,23.2,48.9,158.6
2.9,-4.4,-6.8,23.2,48.9,158.6
2.9,-4.4,-6.8,-251.5,-207.8,-61.8
6.1,-0.5,-13.5,-72.7,8.1,149.3
-3.0,-2.6,-10.7,-72.7,8.1,149.3
-3.0,-2.6,-10.7,-17.2,-220.3,8.4
8.8,-5.2,-5.8,-17.2,-220.3,8.4
8.8,-5.2,-5.8,209.3,265.0,-9.7
4.1,-0.2,-14.7,209.3,265.0,-9.7
4.1,-0.2,-14.7,-264.0,-150.4,135.7
-7.0,-0.6,-6.4,-264.0,-150.4,135.7
-7.0,-0.6,-6.4,-37.7,-122.1,-77.5
12.0,-4.6,-10.7,-37.7,-122.1,-77.5
-6.3,-3.0,-5.0,-355.3,-125.8,186.5
-6.3,-3.0,-5.0,-23.0,-196.2,-119.4
8.1,-3.5,-12.2,-23.0,-196.2,-119.4
8.1,-3.5,-12.2,18.2,192.1,149.4
-0.8,-1.9,-14.8,18.2,192.1,149.4
-0.8,-1.9,-14.8,-150.8,-265.3,82.4
0.9,-4.1,-4.0,-150.8,-265.3,82.4
0.9,-4.1,-4.0,156.3,186.9,32.7
4.1,-1.5,-12.5,156.3,186.9,32.7
4.1,-1.5,-12.5,-151.4,-110.8,169.6
5.0,-1.5,-11.3,-59.3,-194.9,77.0
0.3,-3.9,-1.4,-59.3,-194.9,77.0
0.3,-3.9,-1.4,297.3,198.5,-115.7
5.2,-0.1,-13.0,297.3,198.5,-115.7
5.2,-0.1,-13.0,-164.9,-134.6,190.0
-2.6,-4.7,-1.3,-164.9,-134.6,190.0
-2.6,-4.7,-1.3,486.4,41.2,-146.6
8.0,0.8,-12.2,486.4,41.2,-146.6
8.0,0.8,-12.2,-118.0,-54.1,187.9
-7.7,-5.1,2.5,-118.0,-54.1,187.9
5.2,-5.3,-7.7,-151.5,-176.5,112.5
5.2,-5.3,-7.7,180.3,297.9,62.8
5.0,0.5,-12.9,180.3,297.9,62.8
5.0,0.5,-12.9,-214.7,-184.7,142.0
-5.0,-2.8,-2.5,-214.7,-184.7,142.0
-5.0,-2.8,-2.5,514.3,-33.3,-30.5
6.2,-0.5,-11.0,514.3,-33.3,-30.5
6.2,-0.5,-11.0,-66.0,-58.4,43.8
-2.5,-3.7,0.1,-66.0,-58.4,43.8
-2.5,-3.7,0.1,394.6,29.1,35.4
9.4,-0.2,-12.3,360.0,130.8,-39.8
9.4,-0.2,-12.3,-236.1,-53.1,135.9
-5.8,-1.2,-9.1,-236.1,-53.1,135.9
-5.8,-1.2,-9.1,117.4,-155.4,-54.9
5.8,-1.0,-13.0,117.4,-155.4,-54.9
5.8,-1.0,-13.0,-24.3,38.3,175.5
-5.2,-1.4,-8.4,-24.3,38.3,175.5
-5.2,-1.4,-8.4,-23.5,-279.1,16.9
4.3,-1.2,-10.5,-23.5,-279.1,16.9
4.3,-1.2,-10.5,-50.5,48.2,102.0
2.1,-5.5,-10.2,11.4,10.6,154.0
-4.1,-7.5,-2.2,11.4,10.6,154.0
-4.1,-7.5,-2.2,29.1,-88.7,-133.5
0.5,-4.0,-14.5,29.1,-88.7,-133.5
0.5,-4.0,-14.5,-58.3,-264.9,194.3
5.2,-1.0,-2.0,-58.3,-264.9,194.3
5.2,-1.0,-2.0,192.4,176.1,-257.5
17.6,3.0,-18.4,192.4,176.1,-257.5
17.6,3.0,-18.4,-22.3,-124.4,324.9
1.7,-3.3,-3.3,-22.3,-124.4,324.9
7.4,-0.9,-5.5,18.8,-181.4,-65.0
7.4,-0.9,-5.5,192.4,166.8,-16.9
-0.2,-2.7,-15.8,192.4,166.8,-16.9
-0.2,-2.7,-15.8,74.0,-296.9,28.8
7.5,-0.3,-2.0,74.0,-296.9,28.8
7.5,-0.3,-2.0,179.0,283.4,-146.3
-0.3,-1.4,-16.8,179.0,283.4,-146.3
-0.3,-1.4,-16.8,-25.4,-264.9,127.6
2.2,-1.4,-4.3,-25.4,-264.9,127.6
2.2,-1.4,-4.3,82.4,248.7,-85.0
-2.8,-3.0,-15.1,139.1,-161.2,118.4
-6.8,-4.9,-6.3,139.1,-161.2,118.4
-6.8,-4.9,-6.3,-32.2,-14.9,-114.3
4.0,1.6,-11.6,-32.2,-14.9,-114.3
4.0,1.6,-11.6,187.0,-0.1,128.0
-5.4,-6.3,-4.8,187.0,-0.1,128.0
-5.4,-6.3,-4.8,73.0,-66.4,-223.9
10.5,3.9,-4.3,73.0,-66.4,-223.9
10.5,3.9,-4.3,40.7,212.0,93.5
-7.0,-3.5,-12.3,40.7,212.0,93.5
0.5,-3.4,-2.0,-220.7,-421.1,69.2
0.5,-3.4,-2.0,134.8,193.0,-98.1
-7.3,-3.7,-12.7,134.8,193.0,-98.1
-7.3,-3.7,-12.7,57.6,-306.9,59.0
-5.5,-5.1,-6.6,57.6,-306.9,59.0
-5.5,-5.1,-6.6,-60.2,-18.4,-128.7
8.9,0.9,-5.2,-60.2,-18.4,-128.7
8.9,0.9,-5.2,71.3,57.2,83.2
-10.0,-8.0,-11.9,71.3,57.2,83.2
-10.0,-8.0,-11.9,11.7,-219.7,5.1
-11.7,-3.5,-6.5,-2.2,-235.3,32.8
-11.7,-3.5,-6.5,-125.3,-132.3,-154.6
0.0,-3.1,-1.7,-125.3,-132.3,-154.6
0.0,-3.1,-1.7,233.6,200.4,20.9
-11.1,-4.9,-8.8,233.6,200.4,20.9
-11.1,-4.9,-8.8,-136.0,-190.4,-120.4
2.0,-1.2,-2.4,-136.0,-190.4,-120.4
2.0,-1.2,-2.4,394.4,223.9,-133.2
-12.7,-4.7,-12.6,394.4,223.9,-133.2
-12.7,-4.7,-12.6,-177.4,-430.5,10.9
-8.3,-4.0,-6.7,-54.4,-152.2,-162.4
3.1,-1.0,-2.1,-54.4,-152.2,-162.4
3.1,-1.0,-2.1,331.1,250.2,-95.0
-4.2,-4.3,-12.9,331.1,250.2,-95.0
-4.2,-4.3,-12.9,-174.1,-331.0,36.3
1.5,-3.1,-2.5,-174.1,-331.0,36.3
1.5,-3.1,-2.5,123.7,189.2,-208.2
2.9,-0.9,-16.6,123.7,189.2,-208.2
2.9,-0.9,-16.6,179.0,-183.1,139.7
-3.3,-5.6,-2.0,179.0,-183.1,139.7
-12.1,3.5,-5.8,80.9,-348.8,188.3
-10.2,-4.0,-4.4,80.9,-348.8,188.3
-10.2,-4.0,-4.4,-132.8,78.9,-187.4
-4.6,-0.8,-9.2,-132.8,78.9,-187.4
-4.6,-0.8,-9.2,377.2,42.3,20.6
-14.0,1.7,-5.0,377.2,42.3,20.6
-14.0,1.7,-5.0,-87.0,-301.1,-193.8
-4.8,-0.7,2.8,-87.0,-301.1,-193.8
-4.8,-0.7,2.8,-112.6,181.6,-320.0
-6.0,3.2,-11.0,-112.6,181.6,-320.0
-1.2,-2.3,0.4,-184.7,-272.5,-309.7
-1.2,-2.3,0.4,-15.4,353.0,-208.9
-7.4,0.1,-15.5,-15.4,353.0,-208.9
-7.4,0.1,-15.5,346.1,-150.7,102.3
-18.9,-6.7,-5.8,346.1,-150.7,102.3
-18.9,-6.7,-5.8,-66.2,-255.3,-204.3
-4.3,-6.3,3.9,-66.2,-255.3,-204.3
-4.3,-6.3,3.9,-4.2,316.5,-121.2
-7.0,2.5,-13.5,-4.2,316.5,-121.2
-7.0,2.5,-13.5,487.2,-68.9,69.6
-0.8,3.8,-18.0,586.5,401.5,71.9
-0.8,3.8,-18.0,420.0,222.7,94.8
-20.9,-3.4,-13.8,420.0,222.7,94.8
-20.9,-3.4,-13.8,81.3,-329.1,53.1
-11.6,-5.1,-3.9,81.3,-329.1,53.1
-11.6,-5.1,-3.9,40.4,-110.1,-173.6
10.0,1.4,1.9,40.4,-110.1,-173.6
10.0,1.4,1.9,302.7,250.8,-217.6
2.0,0.0,-19.4,302.7,250.8,-217.6
2.0,0.0,-19.4,-50.8,-301.2,299.7
7.9,-3.1,-1.8,82.9,65.9,46.5
-8.9,-5.3,-9.7,82.9,65.9,46.5
-8.9,-5.3,-9.7,-14.3,-191.1,-74.4
5.9,0.0,0.0,-14.3,-191.1,-74.4
5.9,0.0,0.0,106.9,345.7,-290.5
2.0,1.9,-15.7,106.9,345.7,-290.5
2.0,1.9,-15.7,280.4,44.8,71.9
-0.3,-2.9,-17.3,280.4,44.8,71.9
-0.3,-2.9,-17.3,-113.6,-332.2,333.9
3.6,-0.4,-4.0,-113.6,-332.2,333.9
-4.9,-9.7,-7.3,50.9,170.7,121.6
-4.9,-9.7,-7.3,7.0,-342.1,-53.9
6.0,0.2,-0.8,7.0,-342.1,-53.9
6.0,0.2,-0.8,143.0,320.1,-172.7
10.3,8.0,-15.6,143.0,320.1,-172.7
10.3,8.0,-15.6,-2.9,-136.1,411.9
0.0,-1.4,-2.3,-2.9,-136.1,411.9
0.0,-1.4,-2.3,207.1,81.8,-234.5
11.5,8.3,-9.2,207.1,81.8,-234.5
11.5,8.3,-9.2,67.5,31.7,195.1
-11.4,-4.0,-9.8,111.7,155.3,62.8
-11.4,-4.0,-9.8,-55.9,-177.7,-120.5
5.6,-1.3,-1.7,-55.9,-177.7,-120.5
5.6,-1.3,-1.7,171.4,281.2,-121.2
-0.6,-0.1,-15.8,171.4,281.2,-121.2
-0.6,-0.1,-15.8,70.5,-179.6,219.2
-4.7,-4.1,-4.1,70.5,-179.6,219.2
-4.7,-4.1,-4.1,55.4,77.8,-128.7
9.0,4.2,-13.1,55.4,77.8,-128.7
9.0,4.2,-13.1,143.0,40.5,144.4
-3.4,-6.7,-10.2,-81.4,-203.1,68.0
2.8,-5.4,-1.1,-81.4,-203.1,68.0
2.8,-5.4,-1.1,166.5,91.7,-72.7
-5.5,-2.5,-16.2,166.5,91.7,-72.7
-5.5,-2.5,-16.2,30.7,-153.9,38.5
7.3,-6.5,-0.4,30.7,-153.9,38.5
7.3,-6.5,-0.4,6.8,77.2,81.8
1.0,-8.3,-0.4,6.8,77.2,81.8
1.0,-8.3,-0.4,164.4,77.9,-65.1
0.6,-5.1,-14.1,164.4,77.9,-65.1
-1.2,-4.8,-13.9,126.7,158.2,165.7
-1.2,-4.8,-13.9,-239.3,-237.6,73.6
-1.5,-2.9,-3.2,-239.3,-237.6,73.6
-1.5,-2.9,-3.2,364.0,40.1,-72.4
0.7,-4.6,-16.6,364.0,40.1,-72.4
0.7,-4.6,-16.6,-96.6,-122.3,110.8
-5.6,-5.2,-0.7,-96.6,-122.3,110.8
-5.6,-5.2,-0.7,100.1,-166.2,-105.6
7.0,-5.0,-4.7,100.1,-166.2,-105.6
7.0,-5.0,-4.7,307.9,137.9,87.3
10.6,-2.5,-12.5,2.0,176.4,179.4
-8.0,-2.9,-5.8,2.0,176.4,179.4
-8.0,-2.9,-5.8,-424.8,-137.9,-169.4
4.6,-4.6,-9.1,-424.8,-137.9,-169.4
4.6,-4.6,-9.1,195.7,151.1,198.2
-4.7,-2.7,-15.0,195.7,151.1,198.2
-4.7,-2.7,-15.0,-191.4,-285.6,93.5
3.7,-4.0,-5.1,-191.4,-285.6,93.5
3.7,-4.0,-5.1,269.6,231.8,21.5
5.4,-2.9,-19.7,269.6,231.8,21.5
-1.7,-2.2,-15.8,246.5,-42.2,-16.4
-1.7,-2.2,-15.8,-376.4,-155.0,93.2
-13.3,-2.0,-5.6,-376.4,-155.0,93.2
-13.3,-2.0,-5.6,-87.8,-304.6,-128.1
5.8,-0.3,-14.3,-87.8,-304.6,-128.1
5.8,-0.3,-14.3,104.8,69.4,131.2
-7.0,-4.5,-7.9,104.8,69.4,131.2
-7.0,-4.5,-7.9,-199.6,-145.3,-136.2
4.5,-2.8,-10.2,-199.6,-145.3,-136.2
4.5,-2.8,-10.2,480.1,317.2,150.7
10.4,-3.3,-9.2,131.1,-92.8,-124.1
10.4,-3.3,-9.2,140.9,148.6,128.5
-7.2,-3.1,-11.3,140.9,148.6,128.5
-7.2,-3.1,-11.3,-30.3,-344.1,-31.7
5.2,-3.7,-4.5,-30.3,-344.1,-31.7
5.2,-3.7,-4.5,282.7,218.4,80.4
-1.9,-3.5,-14.2,282.7,218.4,80.4
-1.9,-3.5,-14.2,-108.4,-212.6,93.5
1.4,-0.2,-6.2,-108.4,-212.6,93.5
1.4,-0.2,-6.2,263.1,134.8,6.8
5.7,-0.6,5.6,167.7,124.3,-93.0
-10.6,-6.7,-8.6,167.7,124.3,-93.0
-10.6,-6.7,-8.6,-105.9,-294.8,-247.2
8.4,-2.6,2.3,-105.9,-294.8,-247.2
8.4,-2.6,2.3,190.2,193.3,-61.6
-7.9,-6.1,-17.2,190.2,193.3,-61.6
-7.9,-6.1,-17.2,-72.4,-198.8,87.7
5.2,-1.2,1.8,-72.4,-198.8,87.7
5.2,-1.2,1.8,140.9,190.1,-117.5
-7.6,-3.7,-24.6,140.9,190.1,-117.5
8.5,-6.6,1.3,183.3,-299.3,300.6
8.5,-6.6,1.3,-126.6,280.1,-197.7
1.2,-2.0,-18.2,-126.6,280.1,-197.7
1.2,-2.0,-18.2,-286.5,-253.7,152.3
-6.4,-1.2,-0.5,-286.5,-253.7,152.3
-6.4,-1.2,-0.5,705.0,-160.2,-21.5
6.9,-1.3,-13.0,705.0,-160.2,-21.5
6.9,-1.3,-13.0,-85.6,53.4,262.8
-2.8,-2.9,-6.1,-85.6,53.4,262.8
-2.8,-2.9,-6.1,-70.1,-292.5,43.9
-0.9,-6.3,-4.0,-33.1,-86.0,156.1
-0.9,-6.3,-4.0,110.5,179.0,-67.6
1.9,-1.1,-10.4,110.5,179.0,-67.6
1.9,-1.1,-10.4,-107.4,-290.6,122.8
0.6,-3.9,-1.2,-107.4,-290.6,122.8
0.6,-3.9,-1.2,47.6,215.7,64.0
3.1,-3.0,-7.9,47.6,215.7,64.0
3.1,-3.0,-7.9,-16.2,-202.4,-18.3
4.4,0.3,-11.0,-16.2,-202.4,-18.3
4.4,0.3,-11.0,-42.8,-59.1,194.5
8.6,-3.8,-4.0,151.8,261.2,-3.9
6.7,-0.5,-17.0,151.8,261.2,-3.9
6.7,-0.5,-17.0,-157.7,18.9,231.0
-2.7,-2.3,-10.8,-157.7,18.9,231.0
-2.7,-2.3,-10.8,-106.4,-272.4,127.0
-1.6,-5.4,0.8,-106.4,-272.4,127.0
-1.6,-5.4,0.8,470.9,64.0,-157.5
9.9,-0.4,-14.3,470.9,64.0,-157.5
9.9,-0.4,-14.3,-93.3,84.4,217.4
-3.0,-2.6,-9.5,-93.3,84.4,217.4
14.5,-2.7,-15.4,70.7,264.3,44.8
14.5,-2.7,-15.4,-25.3,161.5,210.5
0.1,-1.6,-17.6,-25.3,161.5,210.5
0.1,-1.6,-17.6,-257.5,-183.8,204.8
-10.5,-3.3,-6.2,-257.5,-183.8,204.8
-10.5,-3.3,-6.2,-158.9,-343.1,-29.6
-0.6,-0.5,-3.0,-158.9,-343.1,-29.6
-0.6,-0.5,-3.0,485.4,63.6,-60.9
6.4,-1.9,-13.3,485.4,63.6,-60.9
6.4,-1.9,-13.3,-166.8,-134.4,191.7
9.5,-2.7,-11.5,-18.7,95.6,236.3
-8.6,-4.5,-3.1,-18.7,95.6,236.3
-8.6,-4.5,-3.1,72.0,-193.5,-126.7
7.5,-4.7,-9.4,72.0,-193.5,-126.7
7.5,-4.7,-9.4,22.5,196.1,166.4
-4.0,-1.1,-15.6,22.5,196.1,166.4
-4.0,-1.1,-15.6,-186.5,-248.5,167.0
-5.8,-2.9,-12.6,-186.5,-248.5,167.0
-5.8,-2.9,-12.6,-32.6,-114.9,-46.2
-1.1,-2.3,-11.2,-32.6,-114.9,-46.2
-1.5,-4.7,-8.1,-40.3,-268.9,-74.9
5.3,-3.9,-6.1,-40.3,-268.9,-74.9
5.3,-3.9,-6.1,17.6,114.2,133.6
0.4,-3.7,-8.8,17.6,114.2,133.6
0.4,-3.7,-8.8,-21.4,-202.4,-4.9
2.2,-1.3,-11.1,-21.4,-202.4,-4.9
2.2,-1.3,-11.1,-96.5,-95.8,169.0
6.2,-7.2,-8.4,-96.5,-95.8,169.0
6.2,-7.2,-8.4,56.0,212.9,47.3
3.3,-2.0,-11.0,56.0,212.9,47.3
4.2,-4.4,-5.1,-172.1,-270.5,-29.5
4.2,-4.4,-5.1,98.9,198.2,112.8
-0.8,-3.8,-14.6,98.9,198.2,112.8
-0.8,-3.8,-14.6,-108.8,-221.1,84.8
4.1,-4.2,-5.7,-108.8,-221.1,84.8
4.1,-4.2,-5.7,289.7,163.5,-20.4
3.6,-0.5,-14.9,289.7,163.5,-20.4
3.6,-0.5,-14.9,-123.4,-164.8,233.8
-5.2,-3.9,0.7,-123.4,-164.8,233.8
-5.2,-3.9,0.7,133.0,-128.9,-133.7
5.5,-6.4,0.8,123.2,161.5,-57.4
-6.4,-5.4,-10.8,123.2,161.5,-57.4
-6.4,-5.4,-10.8,44.9,-336.5,-13.2
6.2,-3.6,1.3,44.9,-336.5,-13.2
6.2,-3.6,1.3,35.8,194.8,-1.5
-4.7,-5.7,-4.6,35.8,194.8,-1.5
-4.7,-5.7,-4.6,-75.3,-123.3,-145.7
9.4,-0.5,-10.8,-75.3,-123.3,-145.7
9.4,-0.5,-10.8,-70.3,19.9,220.6
0.4,-7.3,-2.7,-70.3,19.9,220.6
-6.9,-4.7,0.9,56.0,158.3,-198.3
-6.8,1.4,-12.3,56.0,158.3,-198.3
-6.8,1.4,-12.3,-71.5,-303.4,263.1
-9.3,-4.8,-15.4,-71.5,-303.4,263.1
-9.3,-4.8,-15.4,-67.0,-198.8,-75.2
0.9,0.3,-2.2,-67.0,-198.8,-75.2
0.9,0.3,-2.2,71.2,286.0,-229.6
4.4,6.0,-16.0,71.2,286.0,-229.6
4.4,6.0,-16.0,172.5,129.1,128.8
-1.8,1.2,-14.0,172.5,129.1,128.8
0.7,1.4,-5.0,-43.1,14.3,-225.2
0.7,1.4,-5.0,97.5,227.3,-155.1
-4.6,3.8,-8.6,97.5,227.3,-155.1
-4.6,3.8,-8.6,107.5,-142.6,63.3
-11.6,-4.5,-3.9,107.5,-142.6,63.3
-11.6,-4.5,-3.9,-79.3,-36.2,-177.6
-3.1,-0.7,-1.3,-79.3,-36.2,-177.6
-3.1,-0.7,-1.3,-25.5,122.0,-183.6
-3.7,-1.2,-12.2,-25.5,122.0,-183.6
-3.7,-1.2,-12.2,336.1,-24.9,144.1
-8.3,0.4,-10.8,49.7,-252.4,-116.9
-1.2,-1.7,-0.6,49.7,-252.4,-116.9
-1.2,-1.7,-0.6,69.2,192.3,-107.0
-7.4,1.6,-7.1,69.2,192.3,-107.0
-7.4,1.6,-7.1,44.2,-339.5,52.6
0.1,-3.7,-3.6,44.2,-339.5,52.6
0.1,-3.7,-3.6,-40.1,216.3,-164.6
-6.8,-0.1,-8.8,-40.1,216.3,-164.6
-6.8,-0.1,-8.8,-69.8,-310.6,-77.3
-1.5,-1.9,1.5,-69.8,-310.6,-77.3
4.4,-0.2,-3.2,23.3,196.7,-48.5
-8.5,-1.8,-13.1,23.3,196.7,-48.5
-8.5,-1.8,-13.1,-121.8,-262.1,12.9
-2.1,-0.1,-1.1,-121.8,-262.1,12.9
-2.1,-0.1,-1.1,-42.6,162.9,-72.5
-5.2,-0.7,-15.0,-42.6,162.9,-72.5
-5.2,-0.7,-15.0,-96.3,-190.8,130.4
-7.4,-1.3,-5.6,-96.3,-190.8,130.4
-7.4,-1.3,-5.6,43.2,40.8,-127.5
-0.7,0.9,-10.9,43.2,40.8,-127.5
-9.3,-1.4,-10.8,58.3,60.7,200.4
-9.3,-1.4,-10.8,63.6,-109.5,-179.9
-0.3,-4.9,-14.0,63.6,-109.5,-179.9
-0.3,-4.9,-14.0,42.4,-127.1,299.7
-5.9,-3.2,-8.8,42.4,-127.1,299.7
-5.9,-3.2,-8.8,59.6,-114.9,-157.3
3.3,-0.3,-6.2,59.6,-114.9,-157.3
3.3,-0.3,-6.2,62.4,118.6,24.8
-7.1,-2.8,-11.6,62.4,118.6,24.8
-7.1,-2.8,-11.6,-190.1,-232.1,-67.9
-8.8,-2.5,-11.4,-20.1,-173.7,74.1
-5.5,0.8,-2.1,-20.1,-173.7,74.1
-5.5,0.8,-2.1,22.0,163.0,-77.1
-7.7,-3.1,-10.3,22.0,163.0,-77.1
-7.7,-3.1,-10.3,71.5,-339.8,14.0
-3.3,-0.8,-2.4,71.5,-339.8,14.0
-3.3,-0.8,-2.4,-7.3,175.7,-128.5
-9.2,0.6,-14.4,-7.3,175.7,-128.5
-9.2,0.6,-14.4,47.5,-245.5,151.5
-10.6,-0.5,-8.2,47.5,-245.5,151.5
-0.7,-3.5,-2.3,-68.1,-235.5,17.5
-0.7,-3.5,-2.3,15.8,212.8,-83.2
-6.1,0.0,-9.4,15.8,212.8,-83.2
-6.1,0.0,-9.4,-52.7,-84.1,-116.0
-2.4,3.8,-0.9,-52.7,-84.1,-116.0
-2.4,3.8,-0.9,90.0,179.9,-27.4
-5.0,-2.5,-16.8,90.0,179.9,-27.4
-5.0,-2.5,-16.8,4.9,-245.8,176.7
-5.9,-1.5,-4.3,4.9,-245.8,176.7
-5.9,-1.5,-4.3,86.9,114.4,-161.6
-6.0,-1.2,-2.3,29.8,84.9,-148.7
-0.2,-1.6,-14.6,29.8,84.9,-148.7
-0.2,-1.6,-14.6,26.8,-62.8,177.4
-5.7,-2.4,-10.2,26.8,-62.8,177.4
-5.7,-2.4,-10.2,65.7,-39.2,-68.0
6.0,1.2,-9.5,65.7,-39.2,-68.0
6.0,1.2,-9.5,67.6,66.8,124.4
-8.9,-4.0,-9.7,67.6,66.8,124.4
-8.9,-4.0,-9.7,-80.4,-192.9,-137.4
3.5,-1.6,-4.1,-80.4,-192.9,-137.4
-2.2,-2.6,-9.3,11.0,-18.3,-93.3
-2.2,-2.6,-9.3,23.5,-83.9,-24.8
3.1,-1.9,-11.7,23.5,-83.9,-24.8
3.1,-1.9,-11.7,24.9,7.8,187.9
-4.7,-3.6,1.1,24.9,7.8,187.9
-4.7,-3.6,1.1,77.2,92.5,-317.1
-2.5,-0.4,-15.2,77.2,92.5,-317.1
-2.5,-0.4,-15.2,122.7,-131.9,111.5
-6.0,-1.7,-5.1,122.7,-131.9,111.5
-6.0,-1.7,-5.1,-77.3,117.4,-82.4
-2.8,-7.8,-3.4,152.0,1.4,165.2
-2.8,-7.8,-3.4,49.0,149.6,-125.6
-5.3,-2.5,-9.9,49.0,149.6,-125.6
-5.3,-2.5,-9.9,-16.3,-112.1,-58.5
0.4,-3.9,-8.7,-16.3,-112.1,-58.5
0.4,-3.9,-8.7,67.6,53.4,114.7
-7.1,-5.5,-3.5,67.6,53.4,114.7
-7.1,-5.5,-3.5,31.7,100.6,-85.2
-6.7,-3.3,-9.9,31.7,100.6,-85.2
-6.7,-3.3,-9.9,35.1,-159.9,13.5
-14.4,-3.5,-8.8,-139.5,-195.9,-179.1
1.2,-1.8,-4.8,-139.5,-195.9,-179.1
1.2,-1.8,-4.8,178.4,129.3,-14.2
-6.1,-2.1,-10.1,178.4,129.3,-14.2
-6.1,-2.1,-10.1,-5.5,-93.0,29.9
3.1,-1.2,-8.6,-5.5,-93.0,29.9
3.1,-1.2,-8.6,101.0,110.7,246.0
-5.8,-0.9,-12.0,101.0,110.7,246.0
-5.8,-0.9,-12.0,-63.9,-219.9,-103.5
3.0,0.5,-10.7,-63.9,-219.9,-103.5
8.0,-2.9,-12.6,-102.8,26.5,112.2
-6.8,-1.4,-9.0,-102.8,26.5,112.2
-6.8,-1.4,-9.0,33.0,-159.9,-56.5
5.2,-3.1,-11.3,33.0,-159.9,-56.5
5.2,-3.1,-11.3,150.9,198.6,215.8
0.3,-1.7,-14.2,150.9,198.6,215.8
0.3,-1.7,-14.2,-317.7,-280.3,5.5
-3.9,-1.8,-1.0,-317.7,-280.3,5.5
-3.9,-1.8,-1.0,293.4,68.6,-10.0
1.7,-3.2,-12.0,293.4,68.6,-10.0
0.4,0.9,-9.1,302.6,162.8,196.8
6.2,-2.8,-14.1,302.6,162.8,196.8
6.2,-2.8,-14.1,-157.2,-164.1,159.8
-2.2,-3.2,-3.0,-157.2,-164.1,159.8
-2.2,-3.2,-3.0,358.3,101.4,-44.7
2.3,-0.7,-13.4,358.3,101.4,-44.7
2.3,-0.7,-13.4,-279.2,-194.5,94.8
-4.5,-3.2,-2.1,-279.2,-194.5,94.8
-4.5,-3.2,-2.1,301.9,17.7,-87.4
4.9,-0.4,-14.6,301.9,17.7,-87.4
3.4,-2.7,-11.2,-163.7,-185.5,118.4
-0.3,-4.2,-5.1,-163.7,-185.5,118.4
-0.3,-4.2,-5.1,195.7,136.3,45.4
-1.6,-5.5,-9.0,195.7,136.3,45.4
-1.6,-5.5,-9.0,40.4,-144.3,-35.5
9.8,-2.0,-11.1,40.4,-144.3,-35.5
9.8,-2.0,-11.1,-36.7,28.8,133.7
0.5,-5.6,-3.2,-36.7,28.8,133.7
0.5,-5.6,-3.2,123.1,61.3,-31.2
0.7,-3.5,-13.7,123.1,61.3,-31.2
4.5,-3.9,-12.7,199.0,20.9,-136.5
4.5,-3.9,-12.7,-51.4,-37.4,108.0
2.2,-6.2,-6.2,-51.4,-37.4,108.0
2.2,-6.2,-6.2,118.5,109.9,-33.9
2.9,-2.0,-12.5,118.5,109.9,-33.9
2.9,-2.0,-12.5,-142.6,-131.5,51.4
0.9,-3.0,-4.8,-142.6,-131.5,51.4
0.9,-3.0,-4.8,228.6,114.6,19.3
2.9,-4.4,-11.7,228.6,114.6,19.3
2.9,-4.4,-11.7,16.4,-48.7,-10.9
1.3,-4.0,-3.4,-147.8,-126.1,138.3
1.3,-4.0,-3.4,258.4,112.3,0.6
3.0,-2.2,-14.9,258.4,112.3,0.6
3.0,-2.2,-14.9,-123.0,-191.6,78.2
1.1,-2.6,-3.0,-123.0,-191.6,78.2
1.1,-2.6,-3.0,286.2,103.1,-13.3
3.7,-3.4,-13.2,286.2,103.1,-13.3
3.7,-3.4,-13.2,-121.0,-149.9,74.3
2.0,-3.1,-6.5,-121.0,-149.9,74.3
2.0,-3.1,-6.5,298.9,177.3,57.1
5.9,-1.8,-14.9,-102.3,-35.1,164.4
-8.1,-2.8,-2.7,-102.3,-35.1,164.4
-8.1,-2.8,-2.7,-41.5,-232.1,-143.1
5.6,-3.5,-8.2,-41.5,-232.1,-143.1
5.6,-3.5,-8.2,213.5,144.7,180.8
5.6,-3.9,-14.5,213.5,144.7,180.8
5.6,-3.9,-14.5,-137.0,-154.7,111.2
0.4,-3.5,-3.8,-137.0,-154.7,111.2
0.4,-3.5,-3.8,253.1,79.8,-21.3
7.6,-4.4,-13.5,253.1,79.8,-21.3
-7.2,-2.7,-3.6,-15.3,36.1,85.6
-7.2,-2.7,-3.6,-23.9,-219.4,-126.8
6.2,-2.3,-14.0,-23.9,-219.4,-126.8
6.2,-2.3,-14.0,-35.3,22.5,193.3
-4.2,-3.6,-2.7,-35.3,22.5,193.3
-4.2,-3.6,-2.7,7.4,-186.8,-173.4
9.2,-2.5,-12.4,7.4,-186.8,-173.4
9.2,-2.5,-12.4,30.9,133.5,173.2
-5.0,1.2,-17.8,30.9,133.5,173.2
-5.0,1.2,-17.8,-161.4,-276.5,-63.0
2.4,-2.9,-4.8,152.6,143.6,21.8
-2.6,-1.9,-14.8,152.6,143.6,21.8
-2.6,-1.9,-14.8,-53.9,-186.6,-20.3
7.6,0.1,-16.1,-53.9,-186.6,-20.3
7.6,0.1,-16.1,115.7,195.6,207.8
-1.7,-2.1,-12.5,115.7,195.6,207.8
-1.7,-2.1,-12.5,-101.3,-168.7,19.2
3.7,-3.5,-0.9,-101.3,-168.7,19.2
3.7,-3.5,-0.9,177.3,153.0,-63.6
9.4,-0.1,-23.9,177.3,153.0,-63.6
4.3,-0.9,-6.8,-100.3,-266.1,-77.1
4.3,-0.9,-6.8,218.1,161.2,124.7
-5.5,-0.7,-13.3,218.1,161.2,124.7
-5.5,-0.7,-13.3,-192.4,-349.1,12.6
4.9,-0.3,-6.2,-192.4,-349.1,12.6
4.9,-0.3,-6.2,229.0,167.5,82.1
-1.1,-2.3,-16.1,229.0,167.5,82.1
-1.1,-2.3,-16.1,-174.3,-303.9,-67.2
2.7,-1.4,-7.1,-174.3,-303.9,-67.2
2.7,-1.4,-7.1,219.1,147.2,95.4
7.8,-4.0,-3.5,57.9,146.3,93.9
-5.2,-5.5,0.1,57.9,146.3,93.9
-5.2,-5.5,0.1,116.0,51.8,-217.3
3.6,-0.4,-13.0,116.0,51.8,-217.3
3.6,-0.4,-13.0,26.5,-90.0,153.3
2.4,-6.3,-1.5,26.5,-90.0,153.3
2.4,-6.3,-1.5,151.1,106.4,-50.3
-2.8,-1.2,-14.9,151.1,106.4,-50.3
-2.8,-1.2,-14.9,-21.4,-82.0,28.3
3.7,-2.2,-9.1,-21.4,-82.0,28.3
4.5,-6.6,-3.2,-60.6,-190.0,150.4
4.5,-6.6,-3.2,133.8,161.3,21.0
-6.0,-4.3,-13.4,133.8,161.3,21.0
-6.0,-4.3,-13.4,-49.4,-148.3,-45.6
1.6,-3.7,-3.8,-49.4,-148.3,-45.6
1.6,-3.7,-3.8,68.8,68.8,76.0
-6.5,-3.0,-7.6,68.8,68.8,76.0
-6.5,-3.0,-7.6,38.5,-71.2,-120.7
5.3,-4.6,-15.6,38.5,-71.2,-120.7
5.3,-4.6,-15.6,-16.0,-4.8,197.4
4.0,-2.7,-13.4,-15.8,-18.4,161.5
-3.1,-2.1,-2.6,-15.8,-18.4,161.5
-3.1,-2.1,-2.6,21.5,6.3,-143.2
-2.1,-2.7,-12.9,21.5,6.3,-143.2
-2.1,-2.7,-12.9,-16.2,-170.9,33.8
2.4,-4.1,-4.0,-16.2,-170.9,33.8
2.4,-4.1,-4.0,158.8,89.8,56.0
-3.7,-2.8,-15.7,158.8,89.8,56.0
-3.7,-2.8,-15.7,-22.7,-142.6,58.9
6.6,-2.7,-3.2,-22.7,-142.6,58.9
-6.2,-4.7,-4.6,12.3,-90.0,-162.6
6.7,-3.4,-9.5,12.3,-90.0,-162.6
6.7,-3.4,-9.5,-14.9,87.8,140.4
-7.7,-3.9,-5.1,-14.9,87.8,140.4
-7.7,-3.9,-5.1,71.8,-168.3,-210.2
3.1,-1.7,-9.3,71.8,-168.3,-210.2
3.1,-1.7,-9.3,-35.2,67.0,228.2
-7.5,-3.6,0.3,-35.2,67.0,228.2
-7.5,-3.6,0.3,172.3,-130.3,-162.3
5.4,-3.4,-8.8,172.3,-130.3,-162.3
1.2,-3.2,-18.0,266.2,30.9,-19.3
1.2,-3.2,-18.0,-19.9,-64.7,204.8
-6.7,-0.8,-2.2,-19.9,-64.7,204.8
-6.7,-0.8,-2.2,72.6,-85.3,-149.1
1.5,-2.3,-12.3,72.6,-85.3,-149.1
1.5,-2.3,-12.3,-78.0,-43.8,130.0
-5.7,-2.2,-5.0,-78.0,-43.8,130.0
-5.7,-2.2,-5.0,-6.7,-237.9,-93.7
5.9,-3.3,-11.2,-6.7,-237.9,-93.7
5.9,-3.3,-11.2,7.3,87.8,157.0
-0.6,-5.6,-1.8,84.2,40.3,-115.6
2.3,-3.1,-14.7,84.2,40.3,-115.6
2.3,-3.1,-14.7,-44.4,-70.1,123.8
2.9,-4.7,-0.9,-44.4,-70.1,123.8
2.9,-4.7,-0.9,95.5,114.4,-87.4
3.9,-1.4,-16.7,95.5,114.4,-87.4
3.9,-1.4,-16.7,-8.3,-98.8,118.7
1.7,-0.5,-1.4,-8.3,-98.8,118.7
1.7,-0.5,-1.4,132.8,184.7,-23.7
-2.2,-4.9,-14.9,132.8,184.7,-23.7
-2.9,-4.9,-2.1,-5.3,-21.8,162.5
-2.9,-4.9,-2.1,65.1,25.3,-106.2
2.3,-3.5,-15.5,65.1,25.3,-106.2
2.3,-3.5,-15.5,-18.1,-90.8,167.2
-1.9,-5.1,-4.0,-18.1,-90.8,167.2
-1.9,-5.1,-4.0,100.8,57.7,-69.9
2.9,-2.4,-15.9,100.8,57.7,-69.9
2.9,-2.4,-15.9,-31.8,-55.1,151.4
-3.3,-2.4,-0.6,-31.8,-55.1,151.4
-3.3,-2.4,-0.6,97.1,-13.6,-188.2
4.4,-1.9,-14.7,21.5,19.0,170.1
-0.1,-7.5,-4.4,21.5,19.0,170.1
-0.1,-7.5,-4.4,39.3,50.6,-67.7
0.3,-1.4,-14.8,39.3,50.6,-67.7
0.3,-1.4,-14.8,-15.6,-91.4,28.4
4.3,-3.4,-5.2,-15.6,-91.4,28.4
4.3,-3.4,-5.2,59.3,128.6,56.5
-5.6,-2.5,-11.3,59.3,128.6,56.5
-5.6,-2.5,-11.3,-16.9,-161.2,-60.3
5.0,-2.0,-2.0,-16.9,-161.2,-60.3
1.8,-1.0,-14.5,79.8,-114.6,-132.2
1.8,-1.0,-14.5,-7.4,-3.5,202.5
-3.7,-2.7,-3.9,-7.4,-3.5,202.5
-3.7,-2.7,-3.9,-36.3,-197.8,-183.3
7.8,-2.5,-9.6,-36.3,-197.8,-183.3
7.8,-2.5,-9.6,126.3,196.9,209.8
-4.4,4.9,-13.2,126.3,196.9,209.8
-4.4,4.9,-13.2,-73.7,-151.6,-126.3
3.4,0.8,-8.5,-73.7,-151.6,-126.3
3.4,0.8,-8.5,293.4,184.2,286.1
1.4,-0.6,-14.8,132.6,83.8,303.9
-2.1,-1.5,-8.7,132.6,83.8,303.9
-2.1,-1.5,-8.7,-126.2,-151.4,-164.6
6.2,-0.6,-14.8,-126.2,-151.4,-164.6
6.2,-0.6,-14.8,110.2,138.7,224.6
-2.9,-3.2,-13.8,110.2,138.7,224.6
-2.9,-3.2,-13.8,-155.6,-209.7,-20.9
2.6,-1.1,-7.6,-155.6,-209.7,-20.9
2.6,-1.1,-7.6,412.6,142.3,111.7
-5.2,0.2,-19.9,412.6,142.3,111.7
-2.2,-0.8,-10.2,78.8,140.1,152.9
-2.2,-0.8,-10.2,-100.8,-207.0,-103.8
7.8,-1.1,-12.8,-100.8,-207.0,-103.8
7.8,-1.1,-12.8,124.1,138.1,205.0
-5.0,-1.2,-9.2,124.1,138.1,205.0
-5.0,-1.2,-9.2,-204.5,-209.7,-204.9
5.9,-2.5,-8.3,-204.5,-209.7,-204.9
5.9,-2.5,-8.3,203.1,161.6,202.5
-4.7,0.3,-15.8,203.1,161.6,202.5
-4.7,0.3,-15.8,-67.7,-187.1,-14.0
-6.3,-1.1,-8.0,-94.8,-194.1,-136.2
4.2,-1.0,-12.2,-94.8,-194.1,-136.2
4.2,-1.0,-12.2,250.5,184.0,254.9
-3.2,-2.4,-11.6,250.5,184.0,254.9
-3.2,-2.4,-11.6,-145.6,-198.0,-85.9
7.2,-3.6,-9.0,-145.6,-198.0,-85.9
7.2,-3.6,-9.0,139.2,231.6,176.1
-4.9,1.7,-18.4,139.2,231.6,176.1
-4.9,1.7,-18.4,-186.2,-366.4,91.6
-11.9,7.6,-9.9,-186.2,-366.4,91.6
12.6,-1.8,-14.8,401.7,296.0,66.6
12.6,-1.8,-14.8,-156.2,-14.4,137.4
-4.6,-0.4,-2.9,-156.2,-14.4,137.4
-4.6,-0.4,-2.9,65.6,-112.4,-188.5
4.7,-1.0,-12.0,65.6,-112.4,-188.5
4.7,-1.0,-12.0,61.9,92.6,161.0
-3.7,-2.8,-9.7,61.9,92.6,161.0
-3.7,-2.8,-9.7,-143.8,-222.6,-79.4
6.0,-0.5,-9.2,-143.8,-222.6,-79.4
6.0,-0.5,-9.2,105.3,150.2,142.3
10.8,-2.0,-12.0,40.2,160.0,142.2
-2.6,-2.2,-10.2,40.2,160.0,142.2
-2.6,-2.2,-10.2,-57.1,-213.3,-19.8
7.6,-1.9,-11.0,-57.1,-213.3,-19.8
7.6,-1.9,-11.0,45.2,165.3,139.6
-6.7,-2.1,-6.6,45.2,165.3,139.6
-6.7,-2.1,-6.6,43.3,-81.8,-142.7
4.7,-3.5,-10.9,43.3,-81.8,-142.7
4.7,-3.5,-10.9,28.6,-16.0,125.9
1.8,-7.8,-4.6,28.6,-16.0,125.9
-0.1,-6.0,-4.8,69.5,41.1,86.5
-0.1,-6.0,-4.8,105.8,50.4,-34.3
-1.5,-3.7,-9.2,105.8,50.4,-34.3
-1.5,-3.7,-9.2,4.6,-78.5,-98.3
1.7,-1.8,-7.8,4.6,-78.5,-98.3
1.7,-1.8,-7.8,-10.0,-123.0,18.8
4.9,-3.3,-3.9,-10.0,-123.0,18.8
4.9,-3.3,-3.9,92.6,98.6,68.9
-7.0,-5.0,-6.0,92.6,98.6,68.9
-7.0,-5.0,-6.0,25.1,-122.7,-171.3
5.2,-4.5,-0.1,87.2,128.4,24.4
-8.7,-5.4,-8.1,87.2,128.4,24.4
-8.7,-5.4,-8.1,-63.8,-189.0,-93.9
5.6,-5.2,-0.7,-63.8,-189.0,-93.9
5.6,-5.2,-0.7,68.2,110.1,5.5
-6.3,-3.3,-5.3,68.2,110.1,5.5
-6.3,-3.3,-5.3,26.9,-52.3,-200.4
2.3,-2.5,-12.6,26.9,-52.3,-200.4
2.3,-2.5,-12.6,21.3,-66.6,140.9
-2.6,-5.5,-1.7,21.3,-66.6,140.9
-5.0,-5.4,-8.4,206.4,88.8,135.0
-5.0,-5.4,-8.4,5.6,-161.6,-157.9
3.1,0.8,-10.7,5.6,-161.6,-157.9
3.1,0.8,-10.7,217.7,86.2,93.7
-6.9,-0.8,-13.3,217.7,86.2,93.7
-6.9,-0.8,-13.3,-48.6,-175.0,-74.1
3.7,-1.2,-7.7,-48.6,-175.0,-74.1
3.7,-1.2,-7.7,115.3,43.4,126.9
-8.7,-1.7,-11.6,115.3,43.4,126.9
-8.7,-1.7,-11.6,40.6,-179.7,-155.6
-2.8,-1.2,-9.9,136.7,13.9,-223.9
6.4,0.6,-17.3,136.7,13.9,-223.9
6.4,0.6,-17.3,80.0,-109.0,300.4
-11.2,-0.8,-11.6,80.0,-109.0,300.4
-11.2,-0.8,-11.6,50.2,-38.0,-124.4
11.0,3.2,-9.7,50.2,-38.0,-124.4
11.0,3.2,-9.7,216.4,164.0,64.3
-4.9,-1.6,-14.7,216.4,164.0,64.3
-4.9,-1.6,-14.7,-48.3,-260.5,-16.1
3.6,0.7,2.6,-48.3,-260.5,-16.1
-2.9,-0.9,-17.9,-24.7,-301.5,181.5
-1.1,-4.1,-4.2,-24.7,-301.5,181.5
-1.1,-4.1,-4.2,58.6,170.0,-184.7
-1.0,1.0,-19.1,58.6,170.0,-184.7
-1.0,1.0,-19.1,119.5,-195.8,242.4
-7.9,-0.9,-13.2,119.5,-195.8,242.4
-7.9,-0.9,-13.2,-9.8,-119.8,-98.6
8.0,4.1,-8.7,-9.8,-119.8,-98.6
8.0,4.1,-8.7,183.3,217.9,43.5
-7.2,0.8,-14.7,183.3,217.9,43.5
-11.2,1.9,-17.0,142.2,241.1,18.7
-11.2,1.9,-17.0,-143.6,-323.5,-59.6
1.2,1.4,-2.4,-143.6,-323.5,-59.6
1.2,1.4,-2.4,137.8,252.7,-163.6
-8.5,-0.6,-13.9,137.8,252.7,-163.6
-8.5,-0.6,-13.9,60.7,-287.1,95.2
-10.2,-1.3,-8.4,60.7,-287.1,95.2
-10.2,-1.3,-8.4,-34.3,-65.7,-141.3
2.6,0.9,-11.4,-34.3,-65.7,-141.3
2.6,0.9,-11.4,166.8,-43.6,55.4
-4.3,-2.0,-10.9,210.0,23.9,111.7
-3.8,-3.8,-7.5,210.0,23.9,111.7
-3.8,-3.8,-7.5,75.2,-148.0,-77.1
2.2,-1.9,-8.9,75.2,-148.0,-77.1
2.2,-1.9,-8.9,87.6,-130.7,-8.3
-13.8,-0.9,-11.6,87.6,-130.7,-8.3
-13.8,-0.9,-11.6,-59.4,-472.9,14.0
-9.9,-0.8,-5.4,-59.4,-472.9,14.0
-9.9,-0.8,-5.4,2.8,3.5,-255.2
1.8,3.2,-7.4,2.8,3.5,-255.2
-10.1,-0.7,-10.3,161.4,-135.4,150.5
-10.1,-0.7,-10.3,-1.8,-52.8,-176.2
-1.3,2.2,-10.1,-1.8,-52.8,-176.2
-1.3,2.2,-10.1,212.4,7.6,89.1
-5.4,-3.6,-9.8,212.4,7.6,89.1
-5.4,-3.6,-9.8,0.8,-17.4,-21.3
1.8,-0.1,0.4,0.8,-17.4,-21.3
1.8,-0.1,0.4,87.1,179.4,-123.4
-6.7,1.1,-8.0,87.1,179.4,-123.4
-6.7,1.1,-8.0,-163.0,-304.5,-55.2
