0.5,-2.6,-9.1,-5.6,-3.6,-7.2
0.5,-2.6,-9.1,1.5,-3.2,0.4
0.8,-2.5,-9.4,1.5,-3.2,0.4
0.8,-2.5,-9.4,11.3,9.4,6.9
0.4,-2.3,-9.5,11.3,9.4,6.9
0.4,-2.3,-9.5,2.7,-20.2,2.0
0.9,-2.0,-9.6,2.7,-20.2,2.0
0.9,-2.0,-9.6,-4.3,7.5,-0.4
0.9,-2.2,-9.4,-4.3,7.5,-0.4
0.9,-2.2,-9.4,-13.0,3.7,-8.4
-4.7,0.3,-6.3,-170.8,-311.1,-4.2
-4.7,0.3,-6.3,-170.8,-311.1,-4.2
-4.7,0.3,-6.3,-170.8,-311.1,-4.2
-4.7,0.3,-6.3,-170.8,-311.1,-4.2
-4.7,0.3,-6.3,-170.8,-311.1,-4.2
-4.7,0.3,-6.3,-170.8,-311.1,-4.2
-4.7,0.3,-6.3,-170.8,-311.1,-4.2
-4.7,0.3,-6.3,-170.8,-311.1,-4.2
-4.7,0.3,-6.3,-170.8,-311.1,-4.2
-4.7,0.3,-6.3,-170.8,-311.1,-4.2
-4.7,0.3,-6.3,-170.8,-311.1,-4.2
-4.7,0.3,-6.3,-170.8,-311.1,-4.2
-4.7,0.3,-6.3,-170.8,-311.1,-4.2
-4.7,0.3,-6.3,-170.8,-311.1,-4.2
-4.7,0.3,-6.3,-170.8,-311.1,-4.2
-4.7,0.3,-6.3,-170.8,-311.1,-4.2
-4.7,0.3,-6.3,-170.8,-311.1,-4.2
-4.7,0.3,-6.3,-170.8,-311.1,-4.2
-4.7,0.3,-6.3,-170.8,-311.1,-4.2
-4.7,0.3,-6.3,-170.8,-311.1,-4.2
-4.7,0.3,-6.3,-170.8,-311.1,-4.2
-4.7,0.3,-6.3,-170.8,-311.1,-4.2
-4.7,0.3,-6.3,-170.8,-311.1,-4.2
-4.7,0.3,-6.3,-170.8,-311.1,-4.2
-4.7,0.3,-6.3,-170.8,-311.1,-4.2
-4.7,0.3,-6.3,-170.8,-311.1,-4.2
-4.7,0.3,-6.3,-170.8,-311.1,-4.2
-4.7,0.3,-6.3,-170.8,-311.1,-4.2
-4.7,0.3,-6.3,-170.8,-311.1,-4.2
-4.7,0.3,-6.3,-170.8,-311.1,-4.2
-2.2,-7.2,-4.1,37.0,31.5,65.3
-2.2,-7.2,-4.1,37.0,31.5,65.3
-2.2,-7.2,-4.1,37.0,31.5,65.3
-2.2,-7.2,-4.1,37.0,31.5,65.3
-2.2,-7.2,-4.1,37.0,31.5,65.3
-2.2,-7.2,-4.1,37.0,31.5,65.3
-2.2,-7.2,-4.1,37.0,31.5,65.3
-2.2,-7.2,-4.1,37.0,31.5,65.3
-2.2,-7.2,-4.1,37.0,31.5,65.3
-2.2,-7.2,-4.1,37.0,31.5,65.3
-2.2,-7.2,-4.1,37.0,31.5,65.3
-2.2,-7.2,-4.1,37.0,31.5,65.3
-2.2,-7.2,-4.1,37.0,31.5,65.3
-2.2,-7.2,-4.1,37.0,31.5,65.3
-2.2,-7.2,-4.1,37.0,31.5,65.3
-2.2,-7.2,-4.1,37.0,31.5,65.3
-2.2,-7.2,-4.1,37.0,31.5,65.3
-2.2,-7.2,-4.1,37.0,31.5,65.3
-2.2,-7.2,-4.1,37.0,31.5,65.3
-2.2,-7.2,-4.1,37.0,31.5,65.3
-2.2,-7.2,-4.1,37.0,31.5,65.3
-2.2,-7.2,-4.1,37.0,31.5,65.3
-2.2,-7.2,-4.1,37.0,31.5,65.3
-2.2,-7.2,-4.1,37.0,31.5,65.3
-2.2,-7.2,-4.1,37.0,31.5,65.3
-2.2,-7.2,-4.1,37.0,31.5,65.3
-2.2,-7.2,-4.1,37.0,31.5,65.3
-2.2,-7.2,-4.1,37.0,31.5,65.3
-2.2,-7.2,-4.1,37.0,31.5,65.3
-2.2,-7.2,-4.1,37.0,31.5,65.3
-2.4,0.9,-15.2,-139.8,-259.8,111.1
10.0,-2.0,-2.3,-139.8,-259.8,111.1
10.0,-2.0,-2.3,-17.0,79.3,-152.6
-2.5,0.6,-12.7,-17.0,79.3,-152.6
-2.5,0.6,-12.7,92.3,129.4,32.4
6.3,4.3,-21.3,92.3,129.4,32.4
6.3,4.3,-21.3,-126.7,-209.9,74.3
5.4,-5.0,-13.7,-126.7,-209.9,74.3
5.4,-5.0,-13.7,184.1,170.1,86.2
-9.2,-1.4,-15.3,184.1,170.1,86.2
6.7,0.0,-15.3,101.9,211.9,-68.5
-7.0,0.4,-17.7,101.9,211.9,-68.5
-7.0,0.4,-17.7,-207.5,-292.2,51.4
12.4,-1.0,-2.9,-207.5,-292.2,51.4
12.4,-1.0,-2.9,173.3,223.6,-157.5
-9.6,0.8,-7.6,173.3,223.6,-157.5
-9.6,0.8,-7.6,-81.9,-84.2,-21.1
12.5,2.9,-10.4,-81.9,-84.2,-21.1
12.5,2.9,-10.4,-63.0,-92.0,115.7
6.6,0.5,-15.1,-63.0,-92.0,115.7
13.0,-1.2,-2.8,179.6,211.3,-166.2
-8.8,-1.3,-8.4,179.6,211.3,-166.2
-8.8,-1.3,-8.4,-14.8,-49.3,3.1
11.8,0.8,-12.5,-14.8,-49.3,3.1
11.8,0.8,-12.5,-51.5,-69.2,117.1
8.3,3.2,-17.6,-51.5,-69.2,117.1
8.3,3.2,-17.6,116.5,234.0,-63.5
0.7,0.1,-14.7,116.5,234.0,-63.5
0.7,0.1,-14.7,-106.2,-260.7,139.3
10.9,-2.4,-2.1,-106.2,-260.7,139.3
12.0,-2.8,-4.4,-145.4,-207.0,62.4
12.0,-2.8,-4.4,92.1,178.0,-89.1
-7.8,-4.5,-11.1,92.1,178.0,-89.1
-7.8,-4.5,-11.1,-126.1,-126.5,48.5
11.9,0.0,-6.9,-126.1,-126.5,48.5
11.9,0.0,-6.9,7.8,44.9,6.6
-1.6,0.2,-14.8,7.8,44.9,6.6
-1.6,0.2,-14.8,84.0,110.3,-48.4
5.4,4.3,-11.4,84.0,110.3,-48.4
5.4,4.3,-11.4,-108.3,-225.3,72.1
-0.3,-1.2,-11.9,-81.7,-49.1,36.3
10.3,-2.4,-3.9,-81.7,-49.1,36.3
10.3,-2.4,-3.9,-2.3,56.6,-39.4
-5.2,-0.5,-11.8,-2.3,56.6,-39.4
-5.2,-0.5,-11.8,-33.9,74.7,42.0
4.0,-0.7,-9.6,-33.9,74.7,42.0
4.0,-0.7,-9.6,102.5,-101.4,64.3
4.6,-5.2,-6.9,102.5,-101.4,64.3
4.6,-5.2,-6.9,16.7,52.9,-0.7
-8.5,1.4,-14.3,16.7,52.9,-0.7
-0.9,-7.4,-5.5,47.4,83.5,-26.4
-0.9,-7.4,-5.5,6.6,-4.6,-0.7
0.8,-7.5,-6.1,6.6,-4.6,-0.7
0.8,-7.5,-6.1,-6.8,-4.3,-2.3
0.9,-7.4,-6.0,-6.8,-4.3,-2.3
0.9,-7.4,-6.0,-2.5,-0.9,-6.3
12.4,-1.7,-10.7,-2.5,-0.9,-6.3
12.4,-1.7,-10.7,158.0,150.5,-67.3
-10.9,0.6,-13.2,158.0,150.5,-67.3
-10.9,0.6,-13.2,-109.3,-111.4,28.1
3.8,-0.4,-14.8,90.7,117.8,-4.2
9.5,-1.1,-10.0,90.7,117.8,-4.2
9.5,-1.1,-10.0,-75.2,-129.8,164.9
9.7,3.3,-9.2,-75.2,-129.8,164.9
9.7,3.3,-9.2,31.4,313.6,-29.5
-7.1,-2.0,-8.1,31.4,313.6,-29.5
-7.1,-2.0,-8.1,-3.0,-302.2,64.6
14.3,0.9,-0.5,-3.0,-302.2,64.6
14.3,0.9,-0.5,2.5,273.4,-154.4
-4.5,-3.8,-10.2,2.5,273.4,-154.4
-3.1,-3.0,-18.1,101.3,33.5,84.3
-3.1,-3.0,-18.1,-24.4,-188.0,141.5
5.6,-5.8,-2.8,-24.4,-188.0,141.5
5.6,-5.8,-2.8,215.9,150.5,-103.7
-14.1,-4.7,-10.4,215.9,150.5,-103.7
-14.1,-4.7,-10.4,56.6,-240.4,-52.7
8.9,7.1,-7.6,56.6,-240.4,-52.7
8.9,7.1,-7.6,-11.2,-5.5,7.2
-1.1,10.3,-13.0,-11.2,-5.5,7.2
-1.1,10.3,-13.0,120.4,282.3,-215.6
-14.2,-7.5,-13.5,-86.0,-179.9,57.8
18.8,8.6,-4.8,-86.0,-179.9,57.8
18.8,8.6,-4.8,133.3,443.8,-165.8
-8.1,-2.4,-9.2,133.3,443.8,-165.8
-8.1,-2.4,-9.2,-133.8,-487.2,77.9
10.4,2.2,-4.8,-133.8,-487.2,77.9
10.4,2.2,-4.8,-24.1,44.5,-29.2
-10.5,-1.5,-15.2,-24.1,44.5,-29.2
-10.5,-1.5,-15.2,-1.1,-93.0,46.7
10.4,5.0,-5.1,-1.1,-93.0,46.7
8.1,8.7,-6.2,-2.7,-69.7,50.5
8.1,8.7,-6.2,24.4,-50.5,73.1
2.4,7.7,-11.5,24.4,-50.5,73.1
2.4,7.7,-11.5,93.1,317.7,-79.5
0.8,5.9,-11.2,93.1,317.7,-79.5
0.8,5.9,-11.2,58.1,-298.1,148.2
3.1,6.8,-8.6,58.1,-298.1,148.2
3.1,6.8,-8.6,54.5,376.8,-107.0
-3.2,1.0,-9.7,54.5,376.8,-107.0
-3.2,1.0,-9.7,-10.5,-440.6,139.3
11.0,5.4,-8.0,41.4,-362.9,77.5
11.0,5.4,-8.0,35.2,417.1,-68.5
-6.3,1.0,-12.3,35.2,417.1,-68.5
-6.3,1.0,-12.3,92.4,-441.7,127.5
7.1,4.7,-4.7,92.4,-441.7,127.5
7.1,4.7,-4.7,-35.4,329.2,-102.2
0.2,-2.9,-10.4,-35.4,329.2,-102.2
0.2,-2.9,-10.4,-17.8,-126.5,98.6
8.5,-2.0,-4.5,-17.8,-126.5,98.6
8.5,-2.0,-4.5,-6.5,16.0,-13.1
0.2,7.0,-13.4,71.9,313.1,18.3
2.6,5.1,-11.1,71.9,313.1,18.3
2.6,5.1,-11.1,5.5,-307.4,281.6
5.4,7.0,-5.6,5.5,-307.4,281.6
5.4,7.0,-5.6,37.8,325.0,-170.6
-6.9,-0.3,-13.5,37.8,325.0,-170.6
-6.9,-0.3,-13.5,-184.5,-354.3,162.6
6.1,1.2,-9.6,-184.5,-354.3,162.6
6.1,1.2,-9.6,86.9,272.8,-15.6
-4.3,-5.1,-9.6,86.9,272.8,-15.6
-7.6,-2.5,-6.7,63.4,30.0,-48.3
-7.6,-2.5,-6.7,14.1,-55.3,58.9
4.6,-1.5,6.8,14.1,-55.3,58.9
4.6,-1.5,6.8,63.9,-10.1,201.5
2.0,-0.7,8.5,63.9,-10.1,201.5
2.0,-0.7,8.5,-211.3,-2.1,-169.4
9.0,-6.6,4.0,-211.3,-2.1,-169.4
9.0,-6.6,4.0,-82.7,21.7,-33.8
-3.2,-7.7,-9.3,-82.7,21.7,-33.8
-3.2,-7.7,-9.3,12.7,-108.1,3.2
-10.2,-2.0,-1.9,8.3,-10.9,-4.7
-10.2,-2.0,-1.9,57.2,7.4,52.1
-10.7,-1.2,-4.5,57.2,7.4,52.1
-10.7,-1.2,-4.5,32.3,-4.0,15.0
-6.7,-3.6,-5.4,32.3,-4.0,15.0
-6.7,-3.6,-5.4,147.7,-85.1,-30.6
2.8,-6.1,-8.1,147.7,-85.1,-30.6
2.8,-6.1,-8.1,-150.3,132.5,30.3
-11.8,-3.6,-3.0,-150.3,132.5,30.3
-11.8,-3.6,-3.0,-116.3,-145.0,-61.0
0.3,2.4,-19.7,-56.2,-109.4,-42.9
0.3,2.4,-19.7,86.2,128.3,157.7
-11.6,1.2,-9.7,86.2,128.3,157.7
-11.6,1.2,-9.7,-123.0,-161.4,-47.5
6.2,1.1,-22.8,-123.0,-161.4,-47.5
6.2,1.1,-22.8,190.4,283.4,228.4
-12.3,1.1,-11.2,190.4,283.4,228.4
-12.3,1.1,-11.2,-186.9,-294.1,-70.2
4.3,4.2,-16.4,-186.9,-294.1,-70.2
4.3,4.2,-16.4,341.4,357.9,205.1
-1.4,1.0,-7.4,16.8,-16.6,-140.1
-7.9,2.3,-8.1,16.8,-16.6,-140.1
-7.9,2.3,-8.1,7.2,-83.3,6.2
3.9,2.1,-17.5,7.2,-83.3,6.2
3.9,2.1,-17.5,45.0,69.8,91.9
-1.9,-0.3,-9.6,45.0,69.8,91.9
-1.9,-0.3,-9.6,42.2,149.9,206.7
-12.3,0.8,-4.2,42.2,149.9,206.7
-12.3,0.8,-4.2,-48.7,-218.9,-172.2
2.8,1.1,-18.4,-48.7,-218.9,-172.2
-6.9,-3.4,-9.9,155.2,119.7,188.4
-6.9,-3.4,-9.9,-49.3,-43.2,29.1
-4.0,-1.5,-11.4,-49.3,-43.2,29.1
-4.0,-1.5,-11.4,-92.1,-137.2,-45.0
-9.7,-0.6,-5.6,-92.1,-137.2,-45.0
-9.7,-0.6,-5.6,-122.9,-224.2,-128.8
-0.2,4.3,-12.4,-122.9,-224.2,-128.8
-0.2,4.3,-12.4,6.8,292.8,-35.6
-1.3,0.6,-9.6,6.8,292.8,-35.6
-1.3,0.6,-9.6,14.7,-23.6,-37.1
-6.7,2.6,-12.6,14.3,50.9,22.3
-0.2,-3.5,-9.6,14.3,50.9,22.3
-0.2,-3.5,-9.6,13.9,15.0,-6.1
1.0,2.9,-13.3,13.9,15.0,-6.1
1.0,2.9,-13.3,-83.3,-203.7,-50.2
-3.4,2.7,-8.9,-83.3,-203.7,-50.2
-3.4,2.7,-8.9,55.6,145.4,-64.6
-3.3,4.1,-10.2,55.6,145.4,-64.6
-3.3,4.1,-10.2,-97.4,-247.5,-66.1
0.4,1.0,-11.4,-97.4,-247.5,-66.1
-2.4,3.3,-8.3,-129.5,-277.1,-205.8
-2.4,3.3,-8.3,-10.7,121.7,23.9
1.7,5.5,-11.5,-10.7,121.7,23.9
1.7,5.5,-11.5,-116.5,-75.2,-148.8
-5.4,2.8,-9.4,-116.5,-75.2,-148.8
-5.4,2.8,-9.4,4.5,14.5,0.3
4.3,5.2,-12.5,4.5,14.5,0.3
4.3,5.2,-12.5,-86.2,-66.1,-80.9
-3.5,0.7,-8.0,-86.2,-66.1,-80.9
-3.5,0.7,-8.0,5.9,96.5,-27.5
5.1,-1.0,-9.3,-43.0,-17.3,9.8
5.1,-1.0,-9.3,2.7,-62.7,41.0
10.3,-0.8,-16.0,2.7,-62.7,41.0
10.3,-0.8,-16.0,85.5,27.8,-30.9
4.6,-1.7,-9.4,85.5,27.8,-30.9
4.6,-1.7,-9.4,78.5,77.5,15.0
2.1,-3.9,-7.3,78.5,77.5,15.0
2.1,-3.9,-7.3,-20.7,-4.2,2.8
2.8,-1.5,-10.2,-20.7,-4.2,2.8
2.8,-1.5,-10.2,-55.9,47.9,-44.7
-11.4,11.9,-3.3,171.2,-48.5,168.3
14.8,-2.9,-0.9,171.2,-48.5,168.3
14.8,-2.9,-0.9,-58.6,-20.7,-91.8
3.3,2.9,-4.2,-58.6,-20.7,-91.8
3.3,2.9,-4.2,-183.1,236.2,-341.0
-9.3,11.0,0.7,-183.1,236.2,-341.0
-9.3,11.0,0.7,203.9,-46.3,107.2
10.4,-3.0,-1.0,203.9,-46.3,107.2
10.4,-3.0,-1.0,24.2,60.7,71.0
3.9,-0.2,-2.9,24.2,60.7,71.0
8.5,4.3,-4.4,124.3,-86.0,178.0
8.5,4.3,-4.4,-134.1,103.8,-21.1
-6.5,6.9,-7.6,-134.1,103.8,-21.1
-6.5,6.9,-7.6,66.1,-88.6,-5.6
12.1,2.2,-0.9,66.1,-88.6,-5.6
12.1,2.2,-0.9,96.3,-15.5,94.6
9.2,1.1,-1.8,96.3,-15.5,94.6
9.2,1.1,-1.8,-181.0,127.2,-328.3
-2.0,13.9,6.2,-181.0,127.2,-328.3
-2.0,13.9,6.2,66.2,-2.4,88.5
8.1,1.0,-5.2,112.2,-92.7,-65.7
8.1,1.0,-5.2,-85.6,226.4,25.1
-11.0,-1.6,-8.2,-85.6,226.4,25.1
-11.0,-1.6,-8.2,144.2,-151.2,-19.9
15.1,-1.1,-1.9,144.2,-151.2,-19.9
15.1,-1.1,-1.9,-102.5,12.9,-38.0
-7.2,0.4,-6.5,-102.5,12.9,-38.0
-7.2,0.4,-6.5,-36.5,92.5,93.3
-3.5,-0.1,-6.8,-36.5,92.5,93.3
-3.5,-0.1,-6.8,345.2,-136.3,-66.4
-8.9,-8.0,-3.0,27.7,-3.9,-456.3
-8.9,-8.0,-3.0,136.3,-40.1,-18.6
3.7,-6.5,-1.5,136.3,-40.1,-18.6
3.7,-6.5,-1.5,92.7,-78.2,-55.2
2.6,-2.8,-7.8,92.7,-78.2,-55.2
2.6,-2.8,-7.8,32.9,163.4,29.0
-11.4,-5.9,-7.7,32.9,163.4,29.0
-11.4,-5.9,-7.7,21.1,-106.4,-51.0
10.6,1.2,-6.7,21.1,-106.4,-51.0
10.6,1.2,-6.7,18.2,-84.7,-234.5
-11.0,-5.8,-4.3,121.6,-64.9,11.3
7.3,-4.9,-1.5,121.6,-64.9,11.3
7.3,-4.9,-1.5,-65.8,-4.1,28.9
1.9,-5.6,-5.3,-65.8,-4.1,28.9
1.9,-5.6,-5.3,-4.8,119.1,-53.6
-6.6,-5.2,-7.7,-4.8,119.1,-53.6
-6.6,-5.2,-7.7,22.4,-195.2,39.1
9.7,-8.0,-2.3,22.4,-195.2,39.1
9.7,-8.0,-2.3,5.7,127.7,-59.0
-9.9,-2.1,-10.3,5.7,127.7,-59.0
1.5,-6.1,-0.9,108.3,-50.2,184.0
1.5,-6.1,-0.9,-69.6,77.7,-102.3
-13.5,-0.1,-10.2,-69.6,77.7,-102.3
-13.5,-0.1,-10.2,47.5,-64.7,11.7
8.0,-0.6,-6.0,47.5,-64.7,11.7
8.0,-0.6,-6.0,80.2,24.7,176.1
2.4,-7.2,-3.4,80.2,24.7,176.1
2.4,-7.2,-3.4,59.5,153.5,-81.2
-9.7,-3.5,-7.7,59.5,153.5,-81.2
-9.7,-3.5,-7.7,77.0,-127.7,-0.9
-11.7,-5.4,-8.1,-41.4,-88.7,6.0
-11.7,-5.4,-8.1,-134.9,-209.5,-23.2
-12.2,-6.6,-17.7,-134.9,-209.5,-23.2
-12.2,-6.6,-17.7,-115.7,-121.7,85.4
9.9,-1.2,-5.7,-115.7,-121.7,85.4
9.9,-1.2,-5.7,105.7,228.3,-42.1
-6.4,-3.6,-10.4,105.7,228.3,-42.1
-6.4,-3.6,-10.4,-43.7,-258.2,-35.1
-1.6,-0.8,-12.3,-43.7,-258.2,-35.1
-1.6,-0.8,-12.3,82.7,81.2,-53.6
-3.6,-0.2,-8.7,-6.6,-19.0,51.8
-3.6,-0.2,-8.7,62.3,-12.5,-9.0
4.7,1.2,-7.5,62.3,-12.5,-9.0
4.7,1.2,-7.5,18.9,-58.7,20.5
-7.5,-0.7,-11.4,18.9,-58.7,20.5
-7.5,-0.7,-11.4,35.9,40.7,-140.9
5.3,3.7,-7.0,35.9,40.7,-140.9
5.3,3.7,-7.0,28.2,-91.0,93.6
-7.9,-1.2,-10.6,28.2,-91.0,93.6
-7.9,-1.2,-10.6,13.6,36.8,-13.5
7.8,14.8,1.1,104.8,-141.0,-149.2
7.8,14.8,1.1,-164.9,63.1,98.2
-2.9,10.9,0.1,-164.9,63.1,98.2
-2.9,10.9,0.1,52.9,-50.2,-81.5
-7.8,7.9,-1.1,52.9,-50.2,-81.5
-7.8,7.9,-1.1,86.0,89.2,530.0
6.8,-8.7,2.7,86.0,89.2,530.0
6.8,-8.7,2.7,-198.1,-124.4,79.7
-10.4,-9.6,-5.7,-198.1,-124.4,79.7
-10.4,-9.6,-5.7,151.5,44.5,21.5
2.7,-9.8,-3.7,-218.7,-238.3,-44.9
-11.9,-4.2,-8.4,-218.7,-238.3,-44.9
-11.9,-4.2,-8.4,232.0,101.6,-23.7
16.5,0.9,-1.3,232.0,101.6,-23.7
16.5,0.9,-1.3,-146.9,-153.8,21.2
-12.9,-6.0,-7.0,-146.9,-153.8,21.2
-12.9,-6.0,-7.0,22.4,104.4,-101.2
1.9,-8.4,-5.6,22.4,104.4,-101.2
1.9,-8.4,-5.6,71.3,-5.6,-134.2
2.7,-6.4,-2.2,71.3,-5.6,-134.2
15.4,-1.1,-0.6,211.4,195.8,-24.8
15.4,-1.1,-0.6,-95.9,-104.8,40.7
-10.6,-5.4,-1.4,-95.9,-104.8,40.7
-10.6,-5.4,-1.4,4.9,-161.0,67.3
-1.7,-2.3,-7.9,4.9,-161.0,67.3
-1.7,-2.3,-7.9,38.0,78.3,-54.0
-1.9,4.8,-8.3,38.0,78.3,-54.0
-1.9,4.8,-8.3,-14.0,10.0,24.6
-3.4,4.6,-8.8,-14.0,10.0,24.6
-3.4,4.6,-8.8,63.9,118.4,97.8
-13.3,4.3,-4.3,56.4,73.2,57.0
-4.5,-3.2,-7.4,56.4,73.2,57.0
-4.5,-3.2,-7.4,141.6,131.0,117.7
9.3,-10.9,-3.1,141.6,131.0,117.7
9.3,-10.9,-3.1,-114.1,-170.3,-66.6
4.3,6.9,-13.3,-114.1,-170.3,-66.6
4.3,6.9,-13.3,59.9,-162.9,-50.1
9.1,-1.2,-8.6,59.9,-162.9,-50.1
9.1,-1.2,-8.6,-112.3,159.8,-102.2
-13.3,9.2,-3.6,-112.3,159.8,-102.2
4.9,1.9,-6.9,171.5,10.8,9.7
4.9,1.9,-6.9,-262.6,-43.4,52.9
-14.4,-3.3,0.2,-262.6,-43.4,52.9
-14.4,-3.3,0.2,169.4,-172.3,-139.4
14.8,-3.2,-5.3,169.4,-172.3,-139.4
14.8,-3.2,-5.3,-104.5,47.8,-38.2
-5.5,2.2,-4.3,-104.5,47.8,-38.2
-5.5,2.2,-4.3,-171.6,-55.5,-33.0
-5.9,3.8,-2.8,-171.6,-55.5,-33.0
-5.9,3.8,-2.8,369.2,-70.9,97.8
-5.0,12.8,-1.9,-208.9,-2.5,106.7
-8.4,5.0,-3.8,-208.9,-2.5,106.7
-8.4,5.0,-3.8,334.4,-23.4,199.9
6.7,-8.5,10.9,334.4,-23.4,199.9
6.7,-8.5,10.9,14.7,20.9,32.1
4.5,-1.4,1.9,14.7,20.9,32.1
4.5,-1.4,1.9,-142.3,-4.8,-484.7
-13.6,6.9,-2.3,-142.3,-4.8,-484.7
-13.6,6.9,-2.3,79.2,-149.3,11.9
7.7,-4.4,8.2,79.2,-149.3,11.9
10.2,8.4,9.4,-32.4,16.1,153.6
10.2,8.4,9.4,-196.9,-64.4,485.9
8.6,1.3,13.7,-196.9,-64.4,485.9
8.6,1.3,13.7,110.0,-124.9,-16.7
13.4,6.3,13.3,110.0,-124.9,-16.7
13.4,6.3,13.3,3.1,123.3,-321.6
6.0,8.6,10.8,3.1,123.3,-321.6
6.0,8.6,10.8,233.0,-99.2,-440.0
11.1,7.0,13.0,233.0,-99.2,-440.0
11.1,7.0,13.0,-110.9,75.7,-52.7
7.8,24.5,19.4,106.4,-141.7,-433.0
7.8,24.5,19.4,-44.5,-67.3,-49.0
4.2,13.9,11.3,-44.5,-67.3,-49.0
4.2,13.9,11.3,45.1,195.2,844.9
9.5,9.6,14.8,45.1,195.2,844.9
9.5,9.6,14.8,7.3,31.6,72.8
7.7,6.4,10.3,7.3,31.6,72.8
7.7,6.4,10.3,232.7,-20.7,-636.9
4.2,14.2,7.9,232.7,-20.7,-636.9
4.2,14.2,7.9,-46.9,122.6,483.5
5.3,4.0,3.9,473.6,-105.2,-437.5
5.9,15.6,-1.4,473.6,-105.2,-437.5
5.9,15.6,-1.4,-108.8,38.0,87.4
2.7,0.3,1.5,-108.8,38.0,87.4
2.7,0.3,1.5,-190.0,-359.7,403.8
9.5,2.0,5.6,-190.0,-359.7,403.8
9.5,2.0,5.6,246.1,99.2,-525.8
3.4,13.6,10.9,246.1,99.2,-525.8
3.4,13.6,10.9,57.5,2.6,335.6
13.6,11.0,12.3,57.5,2.6,335.6
14.8,-5.7,0.1,54.1,96.1,-141.6
4.3,1.9,-3.8,54.1,96.1,-141.6
4.3,1.9,-3.8,-131.8,85.7,-170.0
-8.1,12.5,-3.9,-131.8,85.7,-170.0
-8.1,12.5,-3.9,56.5,7.9,5.7
-1.5,10.3,-0.9,56.5,7.9,5.7
-1.5,10.3,-0.9,268.4,61.4,185.9
12.5,-1.1,2.8,268.4,61.4,185.9
12.5,-1.1,2.8,-139.5,20.4,-160.7
-5.2,14.0,1.7,-139.5,20.4,-160.7
3.7,-2.9,-8.0,-31.4,75.4,47.0
3.7,-2.9,-8.0,8.3,61.9,-87.4
-3.9,9.9,-4.2,8.3,61.9,-87.4
-3.9,9.9,-4.2,84.2,-280.8,-48.9
-0.1,3.5,-3.1,84.2,-280.8,-48.9
-0.1,3.5,-3.1,-150.6,750.7,742.7
-2.7,-10.5,-3.7,-150.6,750.7,742.7
-2.7,-10.5,-3.7,3.5,-8.2,3.7
6.2,-3.5,-4.6,3.5,-8.2,3.7
6.2,-3.5,-4.6,-12.9,74.0,-152.0
-5.6,20.7,9.7,-52.6,174.1,-318.9
-5.6,20.7,9.7,-43.6,-66.1,-416.6
-0.5,11.1,8.5,-43.6,-66.1,-416.6
-0.5,11.1,8.5,358.1,131.7,280.3
7.6,5.5,12.5,358.1,131.7,280.3
7.6,5.5,12.5,125.3,-20.5,-23.7
6.7,7.1,8.0,125.3,-20.5,-23.7
6.7,7.1,8.0,40.0,125.5,-520.1
-3.7,19.2,10.3,40.0,125.5,-520.1
-3.7,19.2,10.3,99.3,9.0,0.5
6.0,10.9,9.7,-230.8,94.5,-75.7
-3.8,13.6,10.6,-230.8,94.5,-75.7
-3.8,13.6,10.6,-116.9,149.2,-708.3
-1.1,18.0,17.5,-116.9,149.2,-708.3
-1.1,18.0,17.5,191.0,81.0,204.4
3.4,18.2,13.8,191.0,81.0,204.4
3.4,18.2,13.8,336.8,-171.1,17.1
4.3,14.2,13.8,336.8,-171.1,17.1
4.3,14.2,13.8,-313.8,117.8,-89.5
-1.6,19.2,10.1,-313.8,117.8,-89.5
-4.0,13.2,7.6,104.0,314.0,421.8
-4.0,13.2,7.6,-141.2,4.4,920.7
4.9,10.0,12.4,-141.2,4.4,920.7
4.9,10.0,12.4,-177.5,114.6,-186.9
-2.8,19.3,11.3,-177.5,114.6,-186.9
-2.8,19.3,11.3,57.3,-358.4,-398.6
-3.0,11.7,10.5,57.3,-358.4,-398.6
-3.0,11.7,10.5,337.5,-46.2,348.5
4.3,12.2,10.4,337.5,-46.2,348.5
4.3,12.2,10.4,10.5,-87.8,400.2
0.1,8.1,11.3,-48.7,-19.9,141.3
6.1,3.8,7.9,-48.7,-19.9,141.3
6.1,3.8,7.9,-193.4,-51.2,-233.4
-2.9,7.9,7.9,-193.4,-51.2,-233.4
-2.9,7.9,7.9,242.2,-145.1,25.4
5.9,4.6,11.0,242.2,-145.1,25.4
5.9,4.6,11.0,-182.6,-6.1,-189.6
-2.9,14.9,10.6,-182.6,-6.1,-189.6
-2.9,14.9,10.6,-102.3,154.6,-174.4
-5.1,13.9,12.0,-102.3,154.6,-174.4
2.0,7.2,6.2,295.0,45.3,-35.0
2.0,7.2,6.2,64.1,104.7,-191.6
1.9,10.0,11.0,64.1,104.7,-191.6
1.9,10.0,11.0,-286.0,16.3,44.0
-2.5,10.1,7.5,-286.0,16.3,44.0
-2.5,10.1,7.5,94.5,22.7,-101.2
-1.9,9.2,9.2,94.5,22.7,-101.2
-1.9,9.2,9.2,267.4,-31.0,-22.1
1.2,6.0,10.5,267.4,-31.0,-22.1
1.2,6.0,10.5,-34.9,-127.6,-169.0
2.0,8.5,8.0,-158.1,-41.8,-326.8
2.0,8.5,8.0,-254.3,114.9,128.4
-1.1,8.7,6.8,-254.3,114.9,128.4
-1.1,8.7,6.8,193.5,62.7,91.9
0.3,7.7,7.4,193.5,62.7,91.9
0.3,7.7,7.4,204.5,-4.6,-117.1
1.1,8.0,7.1,204.5,-4.6,-117.1
1.1,8.0,7.1,-157.8,-79.9,56.0
-2.1,5.7,7.0,-157.8,-79.9,56.0
-2.1,5.7,7.0,-178.2,-9.7,77.6
-0.2,8.0,6.8,-208.5,-48.3,-1.0
-0.2,8.0,6.8,182.8,115.5,128.3
3.0,6.4,8.1,182.8,115.5,128.3
3.0,6.4,8.1,-45.7,-43.8,-61.1
-0.6,7.3,7.0,-45.7,-43.8,-61.1
-0.6,7.3,7.0,-474.6,-117.7,38.1
2.0,5.9,4.3,-474.6,-117.7,38.1
2.0,5.9,4.3,76.1,-146.0,-144.6
1.6,7.3,5.6,76.1,-146.0,-144.6
1.6,7.3,5.6,9.3,-15.2,49.4
-2.6,8.6,6.3,-80.3,12.7,-191.1
-2.6,8.6,6.3,176.3,249.8,134.1
2.7,6.9,7.8,176.3,249.8,134.1
2.7,6.9,7.8,-220.5,-253.6,-269.9
-0.9,8.5,8.5,-220.5,-253.6,-269.9
-0.9,8.5,8.5,-467.1,4.6,-92.6
0.2,8.7,6.5,-467.1,4.6,-92.6
0.2,8.7,6.5,165.4,204.1,166.2
2.4,10.1,9.0,165.4,204.1,166.2
2.4,10.1,9.0,96.8,-142.3,-131.9
1.3,7.5,6.4,-207.3,-7.0,159.7
-2.1,8.8,7.6,-207.3,-7.0,159.7
-2.1,8.8,7.6,82.6,17.4,-109.0
0.0,7.8,7.0,82.6,17.4,-109.0
0.0,7.8,7.0,173.2,87.3,44.2
2.9,10.4,9.7,173.2,87.3,44.2
2.9,10.4,9.7,-263.3,5.2,-93.4
-1.6,8.2,6.4,-263.3,5.2,-93.4
-1.6,8.2,6.4,62.6,2.6,-51.1
0.4,7.4,7.0,62.6,2.6,-51.1
3.0,10.8,10.4,174.7,74.4,111.0
3.0,10.8,10.4,79.9,32.4,-59.1
-1.8,7.3,6.7,79.9,32.4,-59.1
-1.8,7.3,6.7,-196.5,-146.9,79.1
-1.2,7.1,5.9,-196.5,-146.9,79.1
-1.2,7.1,5.9,161.5,-65.9,-5.4
1.7,7.0,6.0,161.5,-65.9,-5.4
1.7,7.0,6.0,318.9,-11.9,-6.4
-1.1,8.5,7.8,318.9,-11.9,-6.4
-1.1,8.5,7.8,-185.5,-45.3,67.2
-2.2,7.4,6.6,-197.9,-60.4,8.8
-0.7,8.4,7.7,-197.9,-60.4,8.8
-0.7,8.4,7.7,147.0,6.3,3.8
2.3,7.3,6.3,147.0,6.3,3.8
2.3,7.3,6.3,229.8,33.7,-29.0
0.5,8.8,8.2,229.8,33.7,-29.0
0.5,8.8,8.2,-237.5,-24.1,79.3
-1.8,9.5,7.5,-237.5,-24.1,79.3
-1.8,9.5,7.5,113.8,16.6,-99.5
2.3,7.0,7.1,113.8,16.6,-99.5
3.1,8.6,9.0,223.9,95.6,38.1
3.1,8.6,9.0,-87.5,-69.8,-77.7
-2.2,7.8,7.4,-87.5,-69.8,-77.7
-2.2,7.8,7.4,-238.1,53.0,-63.0
-0.8,8.0,6.4,-238.1,53.0,-63.0
-0.8,8.0,6.4,138.5,-19.6,85.1
1.3,7.2,7.2,138.5,-19.6,85.1
1.3,7.2,7.2,216.0,-116.9,-26.7
-1.3,8.8,7.8,216.0,-116.9,-26.7
-1.3,8.8,7.8,-200.8,-108.4,79.1
-1.2,8.0,6.5,-186.8,-134.0,205.3
-2.4,10.2,8.6,-186.8,-134.0,205.3
-2.4,10.2,8.6,-69.9,115.6,-39.6
2.9,8.9,7.3,-69.9,115.6,-39.6
2.9,8.9,7.3,181.9,89.0,105.2
3.3,11.0,11.9,181.9,89.0,105.2
3.3,11.0,11.9,-120.2,-44.7,-160.5
-3.6,9.8,9.6,-120.2,-44.7,-160.5
-3.6,9.8,9.6,-459.5,180.2,-58.8
-1.0,7.7,6.5,-459.5,180.2,-58.8
-7.6,7.2,4.4,-68.3,-39.8,-268.0
-7.6,7.2,4.4,-129.3,-1.3,27.9
-5.7,6.8,5.1,-129.3,-1.3,27.9
-5.7,6.8,5.1,196.3,97.3,-22.2
1.3,9.3,5.5,196.3,97.3,-22.2
1.3,9.3,5.5,-85.4,-99.4,45.2
-2.3,6.5,8.0,-85.4,-99.4,45.2
-2.3,6.5,8.0,-142.6,3.1,21.8
-3.0,7.8,5.0,-142.6,3.1,21.8
-3.0,7.8,5.0,84.9,-29.2,28.4
-0.5,5.9,5.1,145.9,-81.1,42.7
0.6,6.6,9.5,145.9,-81.1,42.7
0.6,6.6,9.5,-317.3,-257.5,-207.5
-1.6,9.2,7.9,-317.3,-257.5,-207.5
-1.6,9.2,7.9,-211.1,102.2,201.3
1.0,7.7,6.7,-211.1,102.2,201.3
1.0,7.7,6.7,198.0,67.6,38.6
1.5,5.8,4.3,198.0,67.6,38.6
1.5,5.8,4.3,-24.9,-78.8,94.0
-2.5,8.5,7.3,-24.9,-78.8,94.0
-2.1,8.1,6.3,-208.6,77.2,-68.7
-2.1,8.1,6.3,194.9,154.0,50.1
1.5,11.3,11.4,194.9,154.0,50.1
1.5,11.3,11.4,-242.7,-124.7,-141.5
-2.2,8.1,7.5,-242.7,-124.7,-141.5
-2.2,8.1,7.5,-259.2,15.3,-35.7
-1.6,7.0,5.4,-259.2,15.3,-35.7
-1.6,7.0,5.4,237.8,-76.5,62.2
0.5,5.0,6.4,237.8,-76.5,62.2
0.5,5.0,6.4,128.0,-237.5,261.5
-1.8,9.3,8.8,231.0,-9.0,50.1
-1.8,9.3,8.8,-253.4,-123.0,229.5
-2.3,8.5,7.8,-253.4,-123.0,229.5
-2.3,8.5,7.8,62.0,-5.0,-139.1
1.0,7.7,7.0,62.0,-5.0,-139.1
1.0,7.7,7.0,306.2,-15.7,76.4
2.7,9.3,8.2,306.2,-15.7,76.4
2.7,9.3,8.2,-133.7,95.4,9.4
-2.7,8.2,8.0,-133.7,95.4,9.4
-2.7,8.2,8.0,-293.8,112.7,56.3
-2.9,7.0,6.2,-102.9,27.7,117.8
0.7,7.6,6.0,-102.9,27.7,117.8
0.7,7.6,6.0,296.9,232.3,-47.4
3.8,14.3,13.1,296.9,232.3,-47.4
3.8,14.3,13.1,-217.0,72.1,-172.1
-1.0,8.9,9.7,-217.0,72.1,-172.1
-1.0,8.9,9.7,-304.0,222.1,50.2
-0.3,8.2,6.1,-304.0,222.1,50.2
-0.3,8.2,6.1,281.1,127.8,31.3
2.6,11.7,9.3,281.1,127.8,31.3
-2.8,10.1,9.3,355.3,-173.7,-18.0
-2.8,10.1,9.3,-147.8,36.5,181.6
-6.5,7.8,4.0,-147.8,36.5,181.6
-6.5,7.8,4.0,52.8,-41.3,23.8
-3.2,8.9,9.0,52.8,-41.3,23.8
-3.2,8.9,9.0,179.3,-256.0,27.0
-1.7,7.3,6.9,179.3,-256.0,27.0
-1.7,7.3,6.9,-361.6,-79.2,381.9
-1.1,6.2,3.8,-361.6,-79.2,381.9
-1.1,6.2,3.8,-92.2,-58.3,-272.6
1.0,8.1,8.2,160.7,455.7,70.9
-0.6,1.5,11.4,160.7,455.7,70.9
-0.6,1.5,11.4,-12.0,58.9,4.4
-0.7,-3.1,11.5,-12.0,58.9,4.4
-0.7,-3.1,11.5,100.5,-37.0,239.0
-5.9,2.3,-2.0,100.5,-37.0,239.0
-5.9,2.3,-2.0,115.2,-83.7,-6.2
-3.2,1.1,-10.7,115.2,-83.7,-6.2
-3.2,1.1,-10.7,59.2,28.6,86.1
-5.0,0.3,-12.6,59.2,28.6,86.1
-3.2,3.8,-10.0,4.8,152.0,-73.8
-3.2,3.8,-10.0,29.2,-56.6,87.9
4.0,5.3,-11.8,29.2,-56.6,87.9
4.0,5.3,-11.8,28.8,-143.6,-27.0
2.1,6.7,-8.8,28.8,-143.6,-27.0
2.1,6.7,-8.8,58.0,286.8,13.1
-1.5,9.7,-13.4,58.0,286.8,13.1
-1.5,9.7,-13.4,49.3,-89.1,-75.9
1.2,4.1,-3.9,49.3,-89.1,-75.9
1.2,4.1,-3.9,119.1,-247.0,-65.3
5.1,7.6,-4.1,93.8,-144.8,-30.5
1.2,6.6,-5.4,93.8,-144.8,-30.5
1.2,6.6,-5.4,-134.7,252.2,-25.8
-6.6,6.4,-7.8,-134.7,252.2,-25.8
-6.6,6.4,-7.8,89.2,-74.8,8.2
5.2,7.4,-4.9,89.2,-74.8,8.2
5.2,7.4,-4.9,43.3,-62.7,-34.3
1.5,5.9,-4.7,43.3,-62.7,-34.3
1.5,5.9,-4.7,-82.5,210.0,-24.5
0.9,14.3,-16.1,-82.5,210.0,-24.5
4.2,7.9,-3.3,86.2,-102.3,-41.0
2.5,8.6,-3.7,86.2,-102.3,-41.0
2.5,8.6,-3.7,-141.9,174.1,26.7
-6.7,6.6,-10.5,-141.9,174.1,26.7
-6.7,6.6,-10.5,73.8,-164.6,74.7
1.5,7.6,-6.9,73.8,-164.6,74.7
1.5,7.6,-6.9,54.9,-54.8,-13.5
0.3,8.0,-5.8,54.9,-54.8,-13.5
0.3,8.0,-5.8,-59.8,101.8,17.1
-6.3,2.4,-5.2,-59.8,101.8,17.1
-3.6,5.6,-5.7,-110.3,132.9,0.3
-3.6,5.6,-5.7,214.9,-203.7,51.1
2.6,9.6,-6.0,214.9,-203.7,51.1
2.6,9.6,-6.0,-31.8,0.7,2.7
-1.4,4.2,-4.5,-31.8,0.7,2.7
-1.4,4.2,-4.5,-135.4,72.5,20.6
-10.0,3.6,-5.5,-135.4,72.5,20.6
-10.0,3.6,-5.5,89.1,-95.1,18.0
-1.6,0.8,-6.3,89.1,-95.1,18.0
-1.6,0.8,-6.3,24.0,-122.3,-60.1
5.0,10.5,-8.4,-7.4,-1.1,-9.7
-0.1,7.8,-4.5,-7.4,-1.1,-9.7
-0.1,7.8,-4.5,-167.1,165.1,-9.1
-7.9,8.2,-8.8,-167.1,165.1,-9.1
-7.9,8.2,-8.8,163.8,-137.2,116.7
1.6,9.2,-4.2,163.8,-137.2,116.7
1.6,9.2,-4.2,72.4,-139.4,-8.0
-0.4,7.9,-3.5,72.4,-139.4,-8.0
-0.4,7.9,-3.5,-160.2,235.5,5.2
-3.5,16.1,-12.9,-160.2,235.5,5.2
1.2,-5.9,-7.8,-212.8,194.3,63.3
1.2,-5.9,-7.8,-7.5,27.5,-5.3
0.5,-5.5,-8.0,-7.5,27.5,-5.3
0.5,-5.5,-8.0,-3.0,-1.1,0.2
0.5,-5.7,-7.5,-3.0,-1.1,0.2
0.5,-5.7,-7.5,-9.2,-1.4,-2.4
0.5,-5.7,-7.5,-9.2,-1.4,-2.4
0.5,-5.7,-7.5,-9.2,-1.4,-2.4
0.5,-5.7,-7.5,-9.2,-1.4,-2.4
0.5,-5.7,-7.5,-9.2,-1.4,-2.4
0.0,0.5,-11.0,-9.2,-1.4,-2.4
0.0,0.5,-11.0,109.6,277.5,124.2
0.7,-2.6,-9.4,109.6,277.5,124.2
0.7,-2.6,-9.4,200.0,190.3,107.2
1.1,-3.7,-7.9,200.0,190.3,107.2
1.1,-3.7,-7.9,-165.5,-103.2,-0.5
-2.5,-2.6,-9.2,-165.5,-103.2,-0.5
-2.5,-2.6,-9.2,-14.0,61.0,-7.4
-3.8,-4.0,-8.8,-14.0,61.0,-7.4
-3.8,-4.0,-8.8,-67.9,-132.2,5.8
-3.4,-1.8,-8.9,-102.8,-203.8,-88.0
1.0,0.6,-10.8,-102.8,-203.8,-88.0
1.0,0.6,-10.8,174.0,210.9,56.7
0.5,-0.3,-10.9,174.0,210.9,56.7
0.5,-0.3,-10.9,-186.9,-142.3,-71.1
-4.1,-1.2,-12.5,-186.9,-142.3,-71.1
-4.1,-1.2,-12.5,46.4,56.9,61.1
4.1,-2.2,-12.2,46.4,56.9,61.1
4.1,-2.2,-12.2,6.6,34.5,46.6
-7.2,-2.0,-10.4,6.6,34.5,46.6
-1.7,0.9,-8.4,-177.3,-173.5,-100.3
-1.7,0.9,-8.4,67.0,199.2,8.8
2.3,-2.1,-11.4,67.0,199.2,8.8
2.3,-2.1,-11.4,-92.2,-67.1,-2.0
-4.5,-2.6,-9.1,-92.2,-67.1,-2.0
-4.5,-2.6,-9.1,24.1,76.7,24.3
4.3,-3.7,-10.9,24.1,76.7,24.3
4.3,-3.7,-10.9,43.5,65.1,37.2
-5.8,-2.2,-8.7,43.5,65.1,37.2
-5.8,-2.2,-8.7,7.8,15.5,-11.3
7.3,-6.5,-10.3,123.9,150.9,46.4
-8.1,-2.0,-8.8,123.9,150.9,46.4
-8.1,-2.0,-8.8,-107.3,-154.8,-25.3
8.2,-7.1,-10.0,-107.3,-154.8,-25.3
8.2,-7.1,-10.0,178.8,197.5,29.7
-7.9,-3.0,-7.7,178.8,197.5,29.7
-7.9,-3.0,-7.7,-77.2,-87.4,-32.9
1.4,-4.4,-8.7,-77.2,-87.4,-32.9
1.4,-4.4,-8.7,-70.1,-32.7,-8.0
-2.4,-4.0,-8.5,-70.1,-32.7,-8.0
12.2,-6.5,-11.9,-44.1,-87.0,-17.5
12.2,-6.5,-11.9,151.8,210.2,15.1
-13.1,0.4,-9.7,151.8,210.2,15.1
-13.1,0.4,-9.7,-112.6,-271.1,-31.7
9.2,-5.0,-8.3,-112.6,-271.1,-31.7
9.2,-5.0,-8.3,251.4,339.6,30.7
-7.6,-0.9,-8.8,251.4,339.6,30.7
-7.6,-0.9,-8.8,-115.2,-274.5,-67.9
3.2,-2.5,-10.7,-115.2,-274.5,-67.9
3.2,-2.5,-10.7,237.8,356.8,150.4
4.2,-3.3,-11.1,33.7,-34.8,7.4
7.3,-7.3,-13.9,33.7,-34.8,7.4
7.3,-7.3,-13.9,152.3,305.1,146.5
-6.4,-7.0,-10.0,152.3,305.1,146.5
-6.4,-7.0,-10.0,-5.5,64.6,37.8
-0.1,1.4,-13.2,-5.5,64.6,37.8
-0.1,1.4,-13.2,-28.7,-87.3,252.5
2.8,-8.1,-14.9,-28.7,-87.3,252.5
2.8,-8.1,-14.9,16.5,43.7,28.6
7.7,-4.8,-12.8,16.5,43.7,28.6
-1.0,1.8,-11.2,-10.8,-49.4,-124.0
-1.0,1.8,-11.2,20.1,-231.9,23.5
1.0,-3.9,-7.7,20.1,-231.9,23.5
1.0,-3.9,-7.7,-12.7,-49.8,48.8
-3.1,-0.3,-5.9,-12.7,-49.8,48.8
-3.1,-0.3,-5.9,-43.5,291.7,-43.5
-5.1,-1.8,-2.6,-43.5,291.7,-43.5
-5.1,-1.8,-2.6,32.9,56.4,-144.5
-4.9,0.7,-2.8,32.9,56.4,-144.5
-4.9,0.7,-2.8,-69.3,-410.5,-63.8
-9.8,6.6,-10.9,-57.0,-86.3,157.8
-10.6,5.8,-10.4,-57.0,-86.3,157.8
-10.6,5.8,-10.4,-0.1,-120.1,158.4
19.2,-10.3,-6.7,-0.1,-120.1,158.4
19.2,-10.3,-6.7,-13.4,364.1,-42.4
12.9,-5.8,-7.8,-13.4,364.1,-42.4
12.9,-5.8,-7.8,-20.3,194.8,13.1
-8.1,5.6,-9.0,-20.3,194.8,13.1
-8.1,5.6,-9.0,-8.2,-107.1,85.0
-7.1,4.7,-14.8,-8.2,-107.1,85.0
-14.3,8.6,-6.7,7.3,297.0,2.8
-14.3,8.6,-6.7,4.6,-152.0,-9.5
-13.3,6.2,-9.0,4.6,-152.0,-9.5
-13.3,6.2,-9.0,41.8,-182.6,105.8
9.0,-6.5,-3.9,41.8,-182.6,105.8
9.0,-6.5,-3.9,-6.5,220.3,-22.1
6.3,-3.0,-11.4,-6.5,220.3,-22.1
6.3,-3.0,-11.4,21.3,95.9,45.7
-9.0,4.4,-6.1,21.3,95.9,45.7
-9.0,4.4,-6.1,-5.2,21.5,11.4
-14.6,6.5,-9.1,88.0,-436.7,109.0
7.6,-4.7,-6.5,88.0,-436.7,109.0
7.6,-4.7,-6.5,58.2,315.9,-86.2
-11.2,-0.3,-5.9,58.2,315.9,-86.2
-11.2,-0.3,-5.9,-68.4,-359.0,-86.0
10.0,-4.0,-7.5,-68.4,-359.0,-86.0
10.0,-4.0,-7.5,-28.4,409.4,-76.0
-10.3,0.6,-7.8,-28.4,409.4,-76.0
-10.3,0.6,-7.8,-17.6,-193.9,-20.4
11.9,-5.8,-6.9,-17.6,-193.9,-20.4
-8.7,1.3,-4.8,46.0,-72.3,58.1
15.2,-5.5,-10.1,46.0,-72.3,58.1
15.2,-5.5,-10.1,-13.5,210.1,41.1
-10.7,1.1,-9.2,-13.5,210.1,41.1
-10.7,1.1,-9.2,-66.3,-340.8,-99.2
7.7,-5.7,-7.7,-66.3,-340.8,-99.2
7.7,-5.7,-7.7,44.2,335.1,-32.0
-9.3,1.9,-13.5,44.2,335.1,-32.0
-9.3,1.9,-13.5,22.3,-266.6,47.0
11.2,-5.0,-5.5,22.3,-266.6,47.0
-5.6,1.6,-7.0,-23.2,122.2,-39.5
-2.8,-1.4,-10.0,-23.2,122.2,-39.5
-2.8,-1.4,-10.0,-36.2,-192.0,41.7
-4.5,2.5,-8.9,-36.2,-192.0,41.7
-4.5,2.5,-8.9,-28.9,26.8,-16.0
7.3,-7.1,-7.8,-28.9,26.8,-16.0
7.3,-7.1,-7.8,13.4,222.1,21.9
-5.3,-3.2,-8.0,13.4,222.1,21.9
-5.3,-3.2,-8.0,23.7,-290.2,36.2
7.7,-5.5,-6.0,23.7,-290.2,36.2
-0.9,-5.0,-2.9,22.8,38.2,-35.4
-0.9,-5.0,-2.9,107.9,291.2,-151.5
-4.6,-1.4,-4.4,107.9,291.2,-151.5
-4.6,-1.4,-4.4,3.6,-199.4,-81.1
-1.1,-2.4,-2.1,3.6,-199.4,-81.1
-1.1,-2.4,-2.1,129.9,208.0,-62.0
-7.1,-1.9,-6.3,129.9,208.0,-62.0
-7.1,-1.9,-6.3,-17.1,-361.6,-48.4
3.0,-4.1,-6.4,-17.1,-361.6,-48.4
3.0,-4.1,-6.4,-78.0,201.5,-37.9
0.8,-3.3,-5.0,71.6,253.5,-70.8
-5.8,-0.7,-9.4,71.6,253.5,-70.8
-5.8,-0.7,-9.4,-31.0,-244.9,39.1
5.8,-3.4,-8.8,-31.0,-244.9,39.1
5.8,-3.4,-8.8,-105.1,283.7,-0.6
-8.3,3.0,-9.6,-105.1,283.7,-0.6
-8.3,3.0,-9.6,-7.4,-148.2,56.9
9.6,-6.4,-6.6,-7.4,-148.2,56.9
9.6,-6.4,-6.6,-41.9,197.7,24.9
-12.2,4.7,-9.1,-41.9,197.7,24.9
5.5,-6.0,-7.2,37.6,-198.0,24.2
5.5,-6.0,-7.2,117.3,193.2,-39.7
-13.4,3.6,-6.4,117.3,193.2,-39.7
-13.4,3.6,-6.4,39.3,-159.8,11.0
6.8,-6.9,-7.0,39.3,-159.8,11.0
6.8,-6.9,-7.0,105.6,170.4,25.8
-8.1,0.1,-9.3,105.6,170.4,25.8
-8.1,0.1,-9.3,13.6,-90.9,-18.8
1.5,-3.1,-9.6,13.6,-90.9,-18.8
1.5,-3.1,-9.6,47.1,-40.5,51.8
8.8,-6.4,-6.8,-15.9,440.2,-65.7
-9.8,3.1,-7.4,-15.9,440.2,-65.7
-9.8,3.1,-7.4,66.1,-347.2,-11.4
9.3,-6.2,-5.8,66.1,-347.2,-11.4
9.3,-6.2,-5.8,106.0,341.2,-55.2
-11.8,3.3,-8.4,106.0,341.2,-55.2
-11.8,3.3,-8.4,75.9,-220.6,51.9
8.9,-3.9,-7.1,75.9,-220.6,51.9
8.9,-3.9,-7.1,5.1,105.4,-26.1
-6.0,-0.4,-8.3,5.1,105.4,-26.1
-11.3,3.6,-10.7,-57.9,215.4,49.0
-11.3,3.6,-10.7,-5.6,-52.0,49.4
-9.2,2.4,-10.6,-5.6,-52.0,49.4
-9.2,2.4,-10.6,28.7,-176.2,102.0
7.4,-5.0,-9.1,28.7,-176.2,102.0
7.4,-5.0,-9.1,20.9,103.6,50.4
0.4,-4.2,-3.5,20.9,103.6,50.4
0.4,-4.2,-3.5,10.8,285.3,-137.8
-7.9,4.8,-7.0,10.8,285.3,-137.8
-7.9,4.8,-7.0,24.1,-57.6,55.8
-7.8,1.3,-7.7,-20.7,46.6,-21.1
-5.8,-0.7,-8.9,-20.7,46.6,-21.1
-5.8,-0.7,-8.9,33.4,-130.3,51.0
8.5,-4.3,-7.1,33.4,-130.3,51.0
8.5,-4.3,-7.1,20.0,-5.3,4.2
5.7,-4.0,-6.2,20.0,-5.3,4.2
5.7,-4.0,-6.2,-67.9,434.4,-145.7
-7.4,1.8,-6.2,-67.9,434.4,-145.7
-7.4,1.8,-6.2,2.0,-14.0,-11.9
-3.8,2.1,-7.8,2.0,-14.0,-11.9
9.6,-5.6,-8.5,65.0,-345.8,15.9
9.6,-5.6,-8.5,-87.3,503.0,-72.1
-8.2,5.6,-6.8,-87.3,503.0,-72.1
-8.2,5.6,-6.8,35.0,-166.1,15.1
7.4,-4.6,-4.6,35.0,-166.1,15.1
7.4,-4.6,-4.6,14.8,-50.2,6.6
-6.2,1.6,-6.3,14.8,-50.2,6.6
-6.2,1.6,-6.3,-19.8,166.1,-28.6
-7.6,1.7,-5.9,-19.8,166.1,-28.6
-7.6,1.7,-5.9,166.4,-268.8,11.8
8.8,-4.6,-5.5,-3.3,401.4,-105.4
-7.9,3.0,-7.7,-3.3,401.4,-105.4
-7.9,3.0,-7.7,24.0,-86.4,17.3
2.8,-4.0,-7.3,24.0,-86.4,17.3
2.8,-4.0,-7.3,52.8,-57.4,18.6
-7.4,4.2,-6.2,52.8,-57.4,18.6
-7.4,4.2,-6.2,-11.9,102.0,-30.6
-9.1,3.8,-6.8,-11.9,102.0,-30.6
-9.1,3.8,-6.8,89.3,-291.0,30.2
10.1,-5.2,-6.1,89.3,-291.0,30.2
-10.9,6.5,-8.4,6.5,-80.4,42.9
-10.9,6.5,-8.4,-16.4,-15.4,18.2
5.3,-1.0,-9.3,-16.4,-15.4,18.2
5.3,-1.0,-9.3,-18.2,-75.3,64.0
-9.0,2.7,-7.9,-18.2,-75.3,64.0
-9.0,2.7,-7.9,19.6,44.8,50.3
-5.7,-0.1,-5.4,19.6,44.8,50.3
-5.7,-0.1,-5.4,123.5,-358.9,25.8
4.8,-4.8,-4.9,123.5,-358.9,25.8
4.8,-4.8,-4.9,-102.3,397.0,-68.3
-5.4,-1.8,-8.6,59.8,-177.1,16.2
2.2,-4.7,-5.8,59.8,-177.1,16.2
2.2,-4.7,-5.8,-22.6,258.9,-56.8
-7.9,0.3,-7.3,-22.6,258.9,-56.8
-7.9,0.3,-7.3,102.9,-298.0,11.9
0.9,-2.8,-7.0,102.9,-298.0,11.9
0.9,-2.8,-7.0,-79.7,214.8,-42.1
-3.1,-2.6,-7.7,-79.7,214.8,-42.1
-3.1,-2.6,-7.7,85.1,-282.6,68.1
-1.7,-0.2,-8.4,85.1,-282.6,68.1
-13.1,3.6,-7.5,1.4,-163.5,-35.3
-2.1,-4.3,-6.5,1.4,-163.5,-35.3
-2.1,-4.3,-6.5,50.3,107.2,3.0
-0.6,-4.9,-7.0,50.3,107.2,3.0
-0.6,-4.9,-7.0,33.8,113.1,-24.6
7.5,-6.5,-8.5,33.8,113.1,-24.6
7.5,-6.5,-8.5,-31.2,213.3,-17.4
-2.6,-4.7,-8.1,-31.2,213.3,-17.4
-2.6,-4.7,-8.1,48.4,-32.4,21.9
-3.5,-4.6,-8.5,48.4,-32.4,21.9
-4.8,-3.7,-8.7,10.6,-102.5,-30.5
-4.8,-3.7,-8.7,-55.1,-121.1,-11.4
7.2,-5.0,-5.9,-55.1,-121.1,-11.4
7.2,-5.0,-5.9,20.3,467.4,-69.7
-7.3,1.2,-5.8,20.3,467.4,-69.7
-7.3,1.2,-5.8,-19.8,-385.9,-84.2
-0.9,-0.7,-6.7,-19.8,-385.9,-84.2
-0.9,-0.7,-6.7,-131.4,189.6,-25.1
-6.6,-0.7,-7.8,-131.4,189.6,-25.1
-6.6,-0.7,-7.8,-5.4,-293.8,-24.7
-0.1,-5.3,-7.2,-42.6,183.1,-58.6
-4.5,-0.5,-7.5,-42.6,183.1,-58.6
-4.5,-0.5,-7.5,-27.1,-101.7,16.1
-7.7,-0.4,-8.5,-27.1,-101.7,16.1
-7.7,-0.4,-8.5,16.2,-52.8,19.1
-2.8,-4.2,-6.0,16.2,-52.8,19.1
-2.8,-4.2,-6.0,-3.8,-12.4,-9.3
-8.3,-2.9,-7.3,-3.8,-12.4,-9.3
-8.3,-2.9,-7.3,-20.0,-68.6,-9.8
-7.4,-2.4,-8.1,-20.0,-68.6,-9.8
5.1,-4.0,-10.8,15.3,-74.0,11.9
5.1,-4.0,-10.8,-31.0,34.1,30.3
-13.8,3.4,-8.7,-31.0,34.1,30.3
-13.8,3.4,-8.7,45.4,-181.4,25.9
9.4,-5.4,-6.9,45.4,-181.4,25.9
9.4,-5.4,-6.9,13.3,267.5,-27.9
-8.4,1.2,-7.8,13.3,267.5,-27.9
-8.4,1.2,-7.8,49.4,-133.1,36.5
7.0,-5.8,-6.0,49.4,-133.1,36.5
7.0,-5.8,-6.0,222.7,301.2,-62.2
-5.3,1.5,-7.2,21.0,-341.4,52.4
-3.4,0.2,-9.0,21.0,-341.4,52.4
-3.4,0.2,-9.0,-81.9,103.5,-5.9
7.6,-3.7,-9.7,-81.9,103.5,-5.9
7.6,-3.7,-9.7,-47.1,101.9,21.0
-12.1,2.9,-6.2,-47.1,101.9,21.0
-12.1,2.9,-6.2,51.1,-141.7,-4.2
13.2,-6.5,-6.8,51.1,-141.7,-4.2
13.2,-6.5,-6.8,-21.7,263.6,-25.7
-10.7,1.3,-7.2,-21.7,263.6,-25.7
5.3,-4.9,-4.8,-8.2,-245.6,-25.0
5.3,-4.9,-4.8,95.6,260.4,-74.7
-5.8,-1.5,-7.4,95.6,260.4,-74.7
-5.8,-1.5,-7.4,42.9,-265.6,-5.9
-5.3,-1.5,-10.1,42.9,-265.6,-5.9
-5.3,-1.5,-10.1,-49.0,6.9,-1.8
6.3,-3.2,-9.0,-49.0,6.9,-1.8
6.3,-3.2,-9.0,-4.1,69.3,9.0
-9.4,1.2,-7.0,-4.1,69.3,9.0
-9.4,1.2,-7.0,4.2,4.2,-14.0
6.0,-4.4,-8.5,-25.1,137.0,9.5
-11.8,1.5,-7.7,-25.1,137.0,9.5
-11.8,1.5,-7.7,22.0,-138.9,-0.7
9.8,-4.3,-11.3,22.0,-138.9,-0.7
9.8,-4.3,-11.3,-36.5,210.0,31.6
-10.2,1.3,-9.4,-36.5,210.0,31.6
-10.2,1.3,-9.4,37.7,-151.4,37.4
9.9,-6.0,-8.0,37.7,-151.4,37.4
9.9,-6.0,-8.0,-67.6,246.5,-21.0
-7.9,0.5,-10.5,-67.6,246.5,-21.0
7.2,-4.9,-6.1,3.4,-237.6,16.6
7.2,-4.9,-6.1,37.9,413.6,-69.3
-8.0,-0.8,-6.1,37.9,413.6,-69.3
-8.0,-0.8,-6.1,32.6,-323.1,-34.9
9.4,-4.6,-5.0,32.6,-323.1,-34.9
9.4,-4.6,-5.0,76.9,362.3,-126.0
-6.7,-2.2,-9.3,76.9,362.3,-126.0
-6.7,-2.2,-9.3,-23.2,-397.8,50.8
4.6,-4.4,-6.5,-23.2,-397.8,50.8
4.6,-4.4,-6.5,-29.0,311.1,-65.4
-8.6,0.2,-5.2,117.0,-403.6,-24.7
2.8,-2.5,-5.6,117.0,-403.6,-24.7
2.8,-2.5,-5.6,-148.1,328.8,-36.1
-4.3,-0.8,-6.6,-148.1,328.8,-36.1
-4.3,-0.8,-6.6,116.2,-356.2,32.3
1.8,-1.8,-5.5,116.2,-356.2,32.3
1.8,-1.8,-5.5,-121.1,240.3,-34.4
-3.4,-1.9,-5.7,-121.1,240.3,-34.4
-3.4,-1.9,-5.7,55.4,-225.1,3.5
-5.2,-4.1,-6.9,55.4,-225.1,3.5
9.6,-6.2,-9.4,-12.2,27.4,51.2
9.6,-6.2,-9.4,99.6,172.5,13.1
-4.8,-1.7,-8.7,99.6,172.5,13.1
-4.8,-1.7,-8.7,-24.2,0.9,6.6
-1.2,-4.9,-4.4,-24.2,0.9,6.6
-1.2,-4.9,-4.4,-1.1,-79.4,-38.1
9.8,-5.2,-6.9,-1.1,-79.4,-38.1
9.8,-5.2,-6.9,27.1,315.0,-42.4
-8.0,0.6,-8.5,27.1,315.0,-42.4
-8.0,0.6,-8.5,64.7,-238.0,31.7
-2.4,-4.5,-8.4,1.2,-6.0,-4.9
-1.6,-4.4,-8.6,1.2,-6.0,-4.9
-1.6,-4.4,-8.6,-2.7,5.3,-3.3
-1.8,-3.9,-9.2,-2.7,5.3,-3.3
-1.8,-3.9,-9.2,2.0,-1.4,1.6
-1.9,-3.9,-9.1,2.0,-1.4,1.6
-1.9,-3.9,-9.1,0.1,-8.6,4.2
-1.2,-4.7,-9.4,0.1,-8.6,4.2
-1.2,-4.7,-9.4,-26.5,81.4,63.4
16.3,-5.1,-6.9,-26.5,81.4,63.4
9.4,-7.4,-7.3,-29.6,189.6,54.0
-12.2,0.3,-6.5,-29.6,189.6,54.0
-12.2,0.3,-6.5,1.2,-330.1,-71.8
0.5,-3.5,-5.8,1.2,-330.1,-71.8
0.5,-3.5,-5.8,0.8,241.1,7.9
0.5,-3.2,-9.3,0.8,241.1,7.9
0.5,-3.2,-9.3,-37.7,-58.0,60.6
-7.9,-1.1,-7.1,-37.7,-58.0,60.6
-7.9,-1.1,-7.1,22.0,-23.1,29.8
7.1,-6.1,-8.9,22.0,-23.1,29.8
-9.6,0.4,-6.6,112.6,329.1,-26.9
-9.6,0.4,-6.6,32.2,-336.6,-59.6
2.3,-5.0,-8.7,32.2,-336.6,-59.6
2.3,-5.0,-8.7,-32.5,215.9,-17.2
-6.2,-2.2,-6.3,-32.5,215.9,-17.2
-6.2,-2.2,-6.3,-45.6,-370.0,-22.9
3.8,-5.0,-6.1,-45.6,-370.0,-22.9
3.8,-5.0,-6.1,2.6,284.3,-76.1
-3.5,-1.7,-9.0,2.6,284.3,-76.1
-3.5,-1.7,-9.0,-15.6,-271.9,132.5
-8.0,-2.0,-5.6,-9.5,-266.2,-51.5
-0.7,-4.7,-7.6,-9.5,-266.2,-51.5
-0.7,-4.7,-7.6,40.4,190.2,11.5
-2.4,-2.4,-9.5,40.4,190.2,11.5
-2.4,-2.4,-9.5,2.7,-153.9,75.4
-5.7,-3.2,-7.3,2.7,-153.9,75.4
-5.7,-3.2,-7.3,-0.5,52.2,18.4
2.2,-4.2,-7.6,-0.5,52.2,18.4
2.2,-4.2,-7.6,12.0,-62.2,54.6
-8.6,-0.7,-7.9,12.0,-62.2,54.6
3.6,-5.8,-5.9,43.4,186.9,-35.1
3.6,-5.8,-5.9,56.9,2.2,50.5
-7.5,-0.3,-7.8,56.9,2.2,50.5
-7.5,-0.3,-7.8,23.6,-110.4,-2.7
3.4,-4.9,-8.6,23.6,-110.4,-2.7
3.4,-4.9,-8.6,-3.6,-16.9,29.7
-7.5,-1.6,-7.5,-3.6,-16.9,29.7
-7.5,-1.6,-7.5,2.1,-33.9,-24.7
5.2,-6.4,-7.6,2.1,-33.9,-24.7
5.2,-6.4,-7.6,-26.8,97.7,12.3
-2.1,-1.4,-7.2,9.6,-90.7,57.7
-8.0,-1.5,-8.9,9.6,-90.7,57.7
-8.0,-1.5,-8.9,12.3,-28.8,42.9
8.4,-8.0,-7.8,12.3,-28.8,42.9
8.4,-8.0,-7.8,-30.7,139.8,4.6
-7.1,-0.4,-10.0,-30.7,139.8,4.6
-7.1,-0.4,-10.0,20.7,-50.2,61.2
5.2,-6.3,-8.0,20.7,-50.2,61.2
5.2,-6.3,-8.0,-17.9,65.8,-10.1
-5.0,-3.9,-8.0,-17.9,65.8,-10.1
-9.9,0.1,-6.2,14.2,235.7,-34.7
-9.9,0.1,-6.2,27.1,-297.6,33.1
4.1,-7.3,-3.0,27.1,-297.6,33.1
4.1,-7.3,-3.0,8.3,81.4,-21.3
-1.5,-8.7,-4.1,8.3,81.4,-21.3
-1.5,-8.7,-4.1,1.2,-8.5,3.5
-0.9,-8.7,-4.5,1.2,-8.5,3.5
-0.9,-8.7,-4.5,-2.6,-7.5,1.3
-0.7,-8.6,-4.0,-2.6,-7.5,1.3
-0.7,-8.6,-4.0,6.3,11.0,-16.7
-13.0,4.1,-5.2,78.3,-229.0,-12.7
10.8,-5.5,-7.3,78.3,-229.0,-12.7
10.8,-5.5,-7.3,-108.0,375.1,-43.3
-12.1,3.6,-6.9,-108.0,375.1,-43.3
-12.1,3.6,-6.9,148.8,-390.0,36.0
2.9,-4.3,-7.1,148.8,-390.0,36.0
2.9,-4.3,-7.1,-23.4,248.8,-32.7
-5.9,0.1,-5.7,-23.4,248.8,-32.7
-5.9,0.1,-5.7,2.6,-356.8,-5.6
1.1,-2.0,-8.3,2.6,-356.8,-5.6
1.9,-4.9,-7.7,62.6,-194.8,18.6
1.9,-4.9,-7.7,0.8,58.6,-11.9
-1.9,0.9,-10.2,0.8,58.6,-11.9
-1.9,0.9,-10.2,-16.6,22.0,65.6
-12.7,3.9,-6.6,-16.6,22.0,65.6
-12.7,3.9,-6.6,-0.2,-21.2,-2.8
-8.3,0.7,-7.0,-0.2,-21.2,-2.8
-8.3,0.7,-7.0,-71.4,-244.8,-69.4
-2.4,-3.6,-6.5,-71.4,-244.8,-69.4
-2.4,-3.6,-6.5,85.4,59.3,-12.8
-2.8,-4.1,-8.9,3.4,32.4,5.6
-8.7,-1.9,-9.0,3.4,32.4,5.6
-8.7,-1.9,-9.0,-26.0,-285.6,-15.6
0.7,0.0,-7.4,-26.0,-285.6,-15.6
0.7,0.0,-7.4,-7.2,160.2,43.5
-3.4,-3.1,-8.5,-7.2,160.2,43.5
-3.4,-3.1,-8.5,-12.2,-14.4,-13.2
-6.4,-2.0,-5.9,-12.2,-14.4,-13.2
-6.4,-2.0,-5.9,-39.9,-253.5,-91.8
-0.3,-5.2,-7.0,-39.9,-253.5,-91.8
-10.2,-0.5,-6.9,77.5,199.0,22.6
-10.2,-0.5,-6.9,-17.2,-275.3,-38.8
-0.4,-2.2,-7.4,-17.2,-275.3,-38.8
-0.4,-2.2,-7.4,-94.6,280.5,29.9
-4.0,-0.2,-7.3,-94.6,280.5,29.9
-4.0,-0.2,-7.3,44.1,-146.4,14.9
-0.3,-4.9,-7.7,44.1,-146.4,14.9
-0.3,-4.9,-7.7,55.7,122.7,-13.0
1.6,-4.6,-9.2,55.7,122.7,-13.0
1.6,-4.6,-9.2,-40.5,9.9,19.8
-4.6,-1.3,-8.6,8.5,-130.9,40.9
-10.6,-0.6,-8.4,8.5,-130.9,40.9
-10.6,-0.6,-8.4,48.2,-289.6,8.5
-2.3,-3.5,-9.9,48.2,-289.6,8.5
-2.3,-3.5,-9.9,-7.4,38.9,9.5
-2.0,-4.1,-8.8,-7.4,38.9,9.5
-2.0,-4.1,-8.8,-14.5,-14.4,-4.9
-4.0,-1.0,-7.8,-14.5,-14.4,-4.9
-4.0,-1.0,-7.8,82.5,-213.3,69.1
-3.6,-2.8,-8.7,82.5,-213.3,69.1
-6.4,-2.7,-8.3,-38.7,166.3,-7.2
-6.4,-2.7,-8.3,46.2,-126.6,0.7
-0.9,-4.7,-8.7,46.2,-126.6,0.7
-0.9,-4.7,-8.7,0.1,17.1,-0.6
-1.9,-4.6,-8.4,0.1,17.1,-0.6
-1.9,-4.6,-8.4,-0.1,-4.9,0.3
-1.6,-4.6,-8.5,-0.1,-4.9,0.3
-1.6,-4.6,-8.5,-1.0,2.4,1.4
-3.0,-0.6,-8.4,-1.0,2.4,1.4
-3.0,-0.6,-8.4,-63.6,-57.4,66.1
-8.0,0.1,-6.4,8.8,-395.3,-18.9
4.5,-2.6,-6.4,8.8,-395.3,-18.9
4.5,-2.6,-6.4,102.9,342.5,111.5
2.6,1.6,-11.8,102.9,342.5,111.5
2.6,1.6,-11.8,-35.1,-54.8,43.1
-13.6,0.7,-7.4,-35.1,-54.8,43.1
-13.6,0.7,-7.4,24.2,-114.8,-14.9
11.3,-6.3,-6.6,24.2,-114.8,-14.9
11.3,-6.3,-6.6,19.2,351.4,-18.0
-11.9,1.4,-5.4,19.2,351.4,-18.0
-6.9,1.8,-7.2,-9.4,422.6,-12.0
-6.9,1.8,-7.2,11.4,-33.7,-12.8
-11.7,5.4,-13.3,11.4,-33.7,-12.8
-11.7,5.4,-13.3,3.5,-207.4,91.4
8.6,-4.0,-9.9,3.5,-207.4,91.4
8.6,-4.0,-9.9,-34.7,32.0,43.3
-3.7,1.7,-5.0,-34.7,32.0,43.3
-3.7,1.7,-5.0,-71.3,197.9,-16.4
-9.0,3.7,-6.4,-71.3,197.9,-16.4
-9.0,3.7,-6.4,8.2,-230.6,-23.1
3.2,-2.1,-7.6,24.9,308.1,-44.8
-9.7,3.3,-6.6,24.9,308.1,-44.8
-9.7,3.3,-6.6,1.3,39.5,58.7
-5.1,1.5,-7.6,1.3,39.5,58.7
-5.1,1.5,-7.6,78.8,-287.4,38.4
8.1,-4.9,-6.4,78.8,-287.4,38.4
8.1,-4.9,-6.4,-56.0,403.6,-99.8
-6.2,-0.5,-6.6,-56.0,403.6,-99.8
-6.2,-0.5,-6.6,3.8,-214.4,-14.7
1.9,-5.1,-8.0,3.8,-214.4,-14.7
-1.1,-2.3,-7.5,-13.6,-259.6,-49.0
-1.1,-2.3,-7.5,-160.2,113.3,42.7
12.5,-5.4,-8.3,-160.2,113.3,42.7
12.5,-5.4,-8.3,-12.0,230.3,-41.2
-15.9,2.7,-1.4,-12.0,230.3,-41.2
-15.9,2.7,-1.4,70.1,-219.0,-117.1
0.7,-0.4,-9.1,70.1,-219.0,-117.1
0.7,-0.4,-9.1,-62.7,309.6,126.8
0.2,0.8,-11.3,-62.7,309.6,126.8
0.2,0.8,-11.3,29.7,-248.8,14.0
8.3,-4.6,-4.4,20.8,257.5,-108.1
-8.5,-1.0,-8.0,20.8,257.5,-108.1
-8.5,-1.0,-8.0,-16.2,36.6,-4.0
-5.4,-1.2,-7.4,-16.2,36.6,-4.0
-5.4,-1.2,-7.4,71.8,-135.7,-7.8
1.8,0.0,-6.3,71.8,-135.7,-7.8
1.8,0.0,-6.3,96.8,153.8,-15.4
0.2,-1.3,-8.1,96.8,153.8,-15.4
0.2,-1.3,-8.1,-37.6,-41.7,-34.1
8.1,-0.8,-6.1,-37.6,-41.7,-34.1
-14.7,5.8,-3.3,-193.1,353.2,36.5
-14.7,5.8,-3.3,96.9,-582.5,-107.6
2.4,1.7,-8.6,96.9,-582.5,-107.6
2.4,1.7,-8.6,14.9,151.8,-23.9
-0.8,0.0,-8.9,14.9,151.8,-23.9
-0.8,0.0,-8.9,-14.4,12.9,-19.4
-1.1,0.8,-9.7,-14.4,12.9,-19.4
-1.1,0.8,-9.7,-22.3,22.1,0.8
-3.0,0.4,-9.6,-22.3,22.1,0.8
-3.0,0.4,-9.6,37.1,20.6,56.9
-9.7,2.3,-7.5,27.8,-301.6,-47.9
-2.9,-1.8,-8.2,27.8,-301.6,-47.9
-2.9,-1.8,-8.2,13.5,104.2,31.4
-6.6,2.0,-7.1,13.5,104.2,31.4
-6.6,2.0,-7.1,45.6,-269.9,41.5
-0.1,-3.3,-10.1,45.6,-269.9,41.5
-0.1,-3.3,-10.1,-8.3,-10.8,15.6
-3.7,3.3,-8.6,-8.3,-10.8,15.6
-3.7,3.3,-8.6,-37.4,103.4,10.7
-9.9,2.9,-7.1,-37.4,103.4,10.7
-2.2,-4.3,-8.8,-64.1,-69.3,49.3
-2.2,-4.3,-8.8,-6.0,39.7,4.9
-9.4,-0.1,-9.6,-6.0,39.7,4.9
-9.4,-0.1,-9.6,-80.6,-104.8,54.9
-11.5,-0.4,-7.6,-80.6,-104.8,54.9
-11.5,-0.4,-7.6,94.0,-252.8,25.8
-4.2,-2.8,-8.6,94.0,-252.8,25.8
-4.2,-2.8,-8.6,47.5,-5.5,37.9
7.0,-3.9,-6.9,47.5,-5.5,37.9
7.0,-3.9,-6.9,4.0,359.6,-76.4
4.6,-2.3,-6.3,45.6,-92.9,28.5
-2.7,-0.1,-10.7,45.6,-92.9,28.5
-2.7,-0.1,-10.7,-51.4,42.0,58.1
1.3,0.3,-10.1,-51.4,42.0,58.1
1.3,0.3,-10.1,19.7,-149.0,-19.4
-4.6,-3.8,-7.4,19.7,-149.0,-19.4
-4.6,-3.8,-7.4,-49.6,6.5,-68.3
14.7,-5.2,-8.2,-49.6,6.5,-68.3
14.7,-5.2,-8.2,89.1,240.6,-47.9
-7.6,-2.3,-7.2,89.1,240.6,-47.9
-8.7,-1.4,-6.0,-131.9,377.0,2.7
-8.7,-1.4,-6.0,-5.9,-291.0,-82.6
6.5,-3.6,-8.9,-5.9,-291.0,-82.6
6.5,-3.6,-8.9,49.7,289.7,15.4
-8.3,-1.9,-8.7,49.7,289.7,15.4
-8.3,-1.9,-8.7,-24.8,-163.7,-25.0
7.0,-2.5,-9.4,-24.8,-163.7,-25.0
7.0,-2.5,-9.4,31.9,3.6,19.3
-0.8,-3.8,-5.6,31.9,3.6,19.3
-0.8,-3.8,-5.6,-13.5,122.9,-88.3
-6.9,-2.4,-6.5,7.2,-15.5,-15.7
4.2,1.0,-11.7,7.2,-15.5,-15.7
4.2,1.0,-11.7,104.5,30.7,29.6
-9.0,-0.3,-11.0,104.5,30.7,29.6
-9.0,-0.3,-11.0,-14.6,-189.6,15.1
1.0,-3.5,-7.5,-14.6,-189.6,15.1
1.0,-3.5,-7.5,-160.8,32.3,-83.7
7.1,-4.9,-8.5,-160.8,32.3,-83.7
7.1,-4.9,-8.5,50.0,135.8,-17.3
-10.6,-0.7,-13.4,50.0,135.8,-17.3
7.3,-3.0,-6.8,115.1,-288.3,-53.4
7.3,-3.0,-6.8,27.5,305.4,-10.7
-11.8,3.2,-5.7,27.5,305.4,-10.7
-11.8,3.2,-5.7,63.7,-297.5,-1.6
14.0,-4.4,-7.2,63.7,-297.5,-1.6
14.0,-4.4,-7.2,41.0,200.1,7.5
-6.7,1.1,-10.3,41.0,200.1,7.5
-6.7,1.1,-10.3,-12.8,-21.8,55.0
6.9,-0.8,-6.9,-12.8,-21.8,55.0
6.9,-0.8,-6.9,84.2,-38.6,-2.3
-1.2,1.4,-4.7,-110.9,197.9,-97.8
-6.2,-2.1,-3.1,-110.9,197.9,-97.8
-6.2,-2.1,-3.1,-46.2,-256.1,-104.5
-3.1,0.6,-9.1,-46.2,-256.1,-104.5
-3.1,0.6,-9.1,20.0,156.3,152.3
-7.6,-0.9,-4.5,20.0,156.3,152.3
-7.6,-0.9,-4.5,-66.5,-136.9,-24.0
-1.7,-1.5,-4.3,-66.5,-136.9,-24.0
-1.7,-1.5,-4.3,66.7,238.6,85.7
-7.5,1.7,-8.0,66.7,238.6,85.7
6.3,-3.7,-13.8,-3.7,-132.0,-3.4
6.3,-3.7,-13.8,-58.0,121.9,46.7
-11.2,-2.2,-4.2,-58.0,121.9,46.7
-11.2,-2.2,-4.2,-3.2,-192.4,-118.1
10.5,-1.2,-9.6,-3.2,-192.4,-118.1
10.5,-1.2,-9.6,-15.6,90.4,21.9
-9.6,-0.6,-5.1,-15.6,90.4,21.9
-9.6,-0.6,-5.1,-37.7,-168.6,-173.2
10.1,-3.9,-10.4,-37.7,-168.6,-173.2
10.1,-3.9,-10.4,104.0,173.5,16.2
-12.5,-1.8,-6.3,-139.2,-185.8,-124.6
9.7,-2.2,-11.3,-139.2,-185.8,-124.6
9.7,-2.2,-11.3,39.8,166.9,39.2
-7.3,-0.9,-9.0,39.8,166.9,39.2
-7.3,-0.9,-9.0,-5.7,-67.3,-9.8
9.3,-4.3,-9.2,-5.7,-67.3,-9.8
9.3,-4.3,-9.2,18.0,50.4,14.8
-6.6,-2.6,-9.7,18.0,50.4,14.8
-6.6,-2.6,-9.7,-10.9,-94.6,1.2
5.3,-5.9,-6.5,-10.9,-94.6,1.2
-2.2,-4.4,-8.3,4.0,111.1,7.3
-2.2,-4.4,-8.3,-11.1,-29.7,-0.4
-0.8,-4.1,-8.6,-11.1,-29.7,-0.4
-0.8,-4.1,-8.6,-46.2,81.9,23.4
-13.8,1.2,-6.1,-46.2,81.9,23.4
-13.8,1.2,-6.1,-4.9,-253.0,-91.4
3.2,-4.7,-8.2,-4.9,-253.0,-91.4
3.2,-4.7,-8.2,56.5,175.9,4.4
-11.4,-0.5,-5.6,56.5,175.9,4.4
-11.4,-0.5,-5.6,-88.1,-411.5,-66.5
9.1,-3.7,-12.7,215.3,372.9,140.6
-12.2,0.5,-5.6,215.3,372.9,140.6
-12.2,0.5,-5.6,19.9,-225.1,-90.4
10.4,-5.1,-9.2,19.9,-225.1,-90.4
10.4,-5.1,-9.2,103.3,296.3,42.5
-14.7,3.6,-9.6,103.3,296.3,42.5
-14.7,3.6,-9.6,47.5,-373.9,-51.9
9.1,-1.9,-13.5,47.5,-373.9,-51.9
9.1,-1.9,-13.5,104.0,390.1,75.7
-8.4,-0.2,-8.3,104.0,390.1,75.7
-1.5,-0.4,-8.6,-105.6,-304.5,-164.0
-1.5,-0.4,-8.6,8.1,201.9,26.0
-2.0,0.9,-7.5,8.1,201.9,26.0
-2.0,0.9,-7.5,-28.3,-203.8,-62.5
-1.7,1.2,-8.1,-28.3,-203.8,-62.5
-1.7,1.2,-8.1,95.8,263.4,49.3
-5.1,0.7,-7.7,95.8,263.4,49.3
-5.1,0.7,-7.7,-118.4,-265.9,-117.4
-7.4,1.6,-7.9,-118.4,-265.9,-117.4
-7.4,1.6,-7.9,-28.2,104.8,58.2
11.0,-5.1,-10.9,95.4,181.8,46.2
-7.1,-1.5,-8.1,95.4,181.8,46.2
-7.1,-1.5,-8.1,-27.9,-28.7,-3.5
14.5,-2.7,-12.3,-27.9,-28.7,-3.5
14.5,-2.7,-12.3,69.8,217.0,16.1
-12.9,6.0,-4.0,69.8,217.0,16.1
-12.9,6.0,-4.0,11.2,-128.2,-38.8
7.6,-3.8,-12.2,11.2,-128.2,-38.8
7.6,-3.8,-12.2,11.3,76.0,22.9
-9.6,1.9,-7.2,11.3,76.0,22.9
8.6,-1.6,-15.3,77.7,168.5,52.6
-6.8,1.9,-8.8,77.7,168.5,52.6
-6.8,1.9,-8.8,-21.2,-50.9,37.1
6.2,-3.7,-13.5,-21.2,-50.9,37.1
6.2,-3.7,-13.5,52.9,143.5,69.4
-11.3,0.1,-7.4,52.9,143.5,69.4
-11.3,0.1,-7.4,-12.4,-257.0,-46.7
0.0,-1.3,-8.5,-12.4,-257.0,-46.7
0.0,-1.3,-8.5,-55.9,203.0,0.8
-0.4,-2.0,-7.6,-55.9,203.0,0.8
-2.2,0.0,-5.2,-208.4,-61.8,-234.4
-9.0,3.1,-7.0,-208.4,-61.8,-234.4
-9.0,3.1,-7.0,-0.4,-4.5,86.4
2.5,-1.0,-17.3,-0.4,-4.5,86.4
2.5,-1.0,-17.3,44.0,131.4,105.3
-13.7,3.3,-6.0,44.0,131.4,105.3
-13.7,3.3,-6.0,20.0,-207.4,-69.9
5.8,-4.8,-11.1,20.0,-207.4,-69.9
5.8,-4.8,-11.1,68.1,296.5,76.1
-10.8,2.0,-4.1,68.1,296.5,76.1
2.5,-5.8,-7.5,-13.7,-184.8,-13.8
2.5,-5.8,-7.5,49.5,153.1,-0.6
-9.1,0.6,-7.0,49.5,153.1,-0.6
-9.1,0.6,-7.0,-5.3,-446.5,-39.6
0.6,-1.9,-8.2,-5.3,-446.5,-39.6
0.6,-1.9,-8.2,-87.0,178.0,-11.7
6.6,-3.3,-9.1,-87.0,178.0,-11.7
6.6,-3.3,-9.1,56.1,124.5,31.8
-11.7,-0.1,-7.4,56.1,124.5,31.8
-11.7,-0.1,-7.4,-17.2,-292.2,-66.3
5.2,-4.0,-9.7,-21.8,31.0,10.1
5.2,-4.0,-9.7,23.7,37.3,19.8
-1.5,-3.2,-10.2,23.7,37.3,19.8
-1.5,-3.2,-10.2,-79.1,69.8,-37.5
7.0,0.0,-12.9,-79.1,69.8,-37.5
7.0,0.0,-12.9,-85.9,-70.4,-6.2
-5.3,2.7,-9.1,-85.9,-70.4,-6.2
-5.3,2.7,-9.1,-53.3,130.9,79.1
-5.4,2.2,-13.9,-53.3,130.9,79.1
-5.4,2.2,-13.9,-100.5,-296.6,-227.0
-15.7,1.6,-11.1,-85.9,-311.7,12.0
9.1,-3.0,-10.5,-85.9,-311.7,12.0
9.1,-3.0,-10.5,-6.7,240.1,2.4
-5.6,-2.6,-7.5,-6.7,240.1,2.4
-5.6,-2.6,-7.5,6.5,-222.8,-33.6
4.5,-2.2,-9.2,6.5,-222.8,-33.6
4.5,-2.2,-9.2,8.7,246.4,31.6
-6.4,-1.6,-8.9,8.7,246.4,31.6
-6.4,-1.6,-8.9,-61.5,-205.1,-59.0
3.0,-1.9,-11.1,-61.5,-205.1,-59.0
-1.3,-3.0,-9.9,10.0,-44.1,13.4
-1.3,-3.0,-9.9,9.6,-19.3,-6.1
-4.2,-3.0,-9.1,9.6,-19.3,-6.1
-4.2,-3.0,-9.1,-57.1,-95.3,18.4
-0.8,-4.2,-8.2,-57.1,-95.3,18.4
-0.8,-4.2,-8.2,21.0,-0.9,-9.6
-0.7,-4.4,-8.5,21.0,-0.9,-9.6
-0.7,-4.4,-8.5,15.1,9.0,-2.6
0.6,-4.4,-8.6,15.1,9.0,-2.6
0.6,-4.4,-8.6,5.7,28.3,-2.2
-2.0,-3.9,-8.8,0.3,1.4,-3.7
-2.1,-3.7,-9.0,0.3,1.4,-3.7
-2.1,-3.7,-9.0,-0.9,-1.6,2.4
-2.1,-3.6,-8.8,-0.9,-1.6,2.4
-2.1,-3.6,-8.8,-1.0,4.8,0.6
-2.3,-3.3,-8.8,-1.0,4.8,0.6
-2.3,-3.3,-8.8,1.4,-1.3,-3.6
-2.6,-3.2,-9.0,1.4,-1.3,-3.6
-2.6,-3.2,-9.0,-4.8,-7.1,-4.1
-1.6,-3.2,-8.5,-4.8,-7.1,-4.1
-10.0,2.1,-5.4,56.3,319.2,112.0
-10.0,2.1,-5.4,13.4,-355.9,-100.5
-3.1,3.3,-7.5,13.4,-355.9,-100.5
-3.1,3.3,-7.5,49.2,80.8,82.5
15.2,-0.6,-16.5,49.2,80.8,82.5
15.2,-0.6,-16.5,3.9,176.2,65.2
-7.7,-1.1,-5.7,3.9,176.2,65.2
-7.7,-1.1,-5.7,14.9,44.2,-18.9
6.7,5.4,-13.2,14.9,44.2,-18.9
6.7,5.4,-13.2,-17.6,-53.4,-22.3
-8.5,-4.1,-3.1,4.5,-193.6,-100.0
-11.9,1.2,-6.2,4.5,-193.6,-100.0
-11.9,1.2,-6.2,50.0,-205.4,-96.4
8.7,3.2,-13.8,50.0,-205.4,-96.4
8.7,3.2,-13.8,200.6,522.5,223.3
0.6,2.1,-13.1,200.6,522.5,223.3
0.6,2.1,-13.1,-207.4,-285.7,-50.8
-14.1,4.3,-5.6,-207.4,-285.7,-50.8
-14.1,4.3,-5.6,43.5,-249.0,-54.7
14.2,-4.6,-13.4,43.5,-249.0,-54.7
-8.1,1.9,-9.8,6.0,-23.3,41.6
-8.1,1.9,-9.8,4.8,22.5,-13.3
-3.4,3.4,-10.6,4.8,22.5,-13.3
-3.4,3.4,-10.6,-6.8,-87.6,70.4
-9.3,-3.4,-8.0,-6.8,-87.6,70.4
-9.3,-3.4,-8.0,-64.8,-191.5,-11.6
4.8,-2.8,-9.4,-64.8,-191.5,-11.6
4.8,-2.8,-9.4,-112.4,484.0,13.6
0.6,3.6,-10.8,-112.4,484.0,13.6
0.6,3.6,-10.8,-100.8,-266.6,-41.3
-0.4,-3.9,-11.9,-66.0,138.1,105.0
1.9,0.6,-12.4,-66.0,138.1,105.0
1.9,0.6,-12.4,-172.5,-222.8,-28.1
-5.1,1.7,-10.9,-172.5,-222.8,-28.1
-5.1,1.7,-10.9,-73.0,-95.6,-31.7
14.9,-2.1,-14.3,-73.0,-95.6,-31.7
14.9,-2.1,-14.3,62.7,230.4,51.6
-3.5,-0.1,-7.4,62.7,230.4,51.6
-3.5,-0.1,-7.4,-23.2,-128.6,-125.2
-5.2,0.2,-7.3,-23.2,-128.6,-125.2
-10.4,1.8,-1.1,46.5,4.6,63.5
-10.4,1.8,-1.1,-132.4,-340.4,-210.5
-3.9,0.8,-10.6,-132.4,-340.4,-210.5
-3.9,0.8,-10.6,-112.3,123.2,-49.4
12.3,-3.1,-15.0,-112.3,123.2,-49.4
12.3,-3.1,-15.0,8.8,325.1,124.0
-7.8,1.9,-5.7,8.8,325.1,124.0
-7.8,1.9,-5.7,26.6,-239.4,-54.3
-17.5,3.3,0.8,26.6,-239.4,-54.3
-17.5,3.3,0.8,-100.5,-390.9,-287.0
15.4,-6.0,-12.0,-8.9,259.0,30.2
-1.8,-1.2,-10.4,-8.9,259.0,30.2
-1.8,-1.2,-10.4,24.3,-15.9,5.3
-1.4,-1.6,-9.2,24.3,-15.9,5.3
-1.4,-1.6,-9.2,-3.7,2.0,0.7
-5.0,-0.9,-8.1,-3.7,2.0,0.7
-5.0,-0.9,-8.1,13.5,-95.5,-25.1
-1.0,-2.0,-9.3,13.5,-95.5,-25.1
-1.0,-2.0,-9.3,-8.2,19.2,1.9
0.7,-1.7,-10.3,-8.2,19.2,1.9
-2.5,6.4,-8.5,-182.3,-284.9,-291.8
-2.5,6.4,-8.5,-110.0,-21.1,-0.8
-8.6,2.8,-2.9,-110.0,-21.1,-0.8
-8.6,2.8,-2.9,-65.4,-343.8,-108.8
-14.5,3.4,-2.7,-65.4,-343.8,-108.8
-14.5,3.4,-2.7,-113.6,-311.4,-374.4
-11.0,4.5,-1.2,-113.6,-311.4,-374.4
-11.0,4.5,-1.2,-171.4,-534.8,-462.8
-13.5,3.1,-3.7,-171.4,-534.8,-462.8
-13.5,3.1,-3.7,-26.8,-200.4,-161.6
