acc1_1,acc2_1,acc3_1,gyro1_1,gyro2_1,gyro3_1,acc1_2,acc2_2,acc3_2,gyro1_2,gyro2_2,gyro3_2,acc1_3,acc2_3,acc3_3,gyro1_3,gyro2_3,gyro3_3,acc1_4,acc2_4,acc3_4,gyro1_4,gyro2_4,gyro3_4,acc1_5,acc2_5,acc3_5,gyro1_5,gyro2_5,gyro3_5,acc1_6,acc2_6,acc3_6,gyro1_6,gyro2_6,gyro3_6,acc1_7,acc2_7,acc3_7,gyro1_7,gyro2_7,gyro3_7,acc1_8,acc2_8,acc3_8,gyro1_8,gyro2_8,gyro3_8,acc1_9,acc2_9,acc3_9,gyro1_9,gyro2_9,gyro3_9,acc1_10,acc2_10,acc3_10,gyro1_10,gyro2_10,gyro3_10,label
1.9,-2.3,-11.4,124.9,180.5,-60.8,1.9,-1.4,-9.9,124.9,180.5,-60.8,1.9,-1.4,-9.9,-0.2,55.4,59.4,6.3,-3.5,-17.9,33.8,226.6,-52.3,6.3,-3.5,-17.9,-49.4,-141.2,-100.3,2.3,-2.6,-3.1,-49.4,-141.2,-100.3,2.3,-2.6,-3.1,41.8,61.9,-27,2.4,-0.1,-11.8,41.8,61.9,-27,2.6,0.3,-10.5,3.3,57.6,21.8,1.3,1,-9.2,-39.6,4.7,9.9,1
1.5,-0.6,-9.7,-1.1,-1.9,-9.3,1.7,0,-9.9,2.8,14.3,-8.5,0,0.9,-12.6,-68.1,55.7,84.1,-3.3,-3.7,-6.5,-57.7,-79.4,-9.1,1.2,-4.5,-9,-57.7,-79.4,-9.1,1.2,-4.5,-9,20.3,-28.8,-63.4,3.1,-1.1,-11.3,29.4,58,-42.1,2,-1,-9.2,22.5,1.7,-4.8,2.6,-1.3,-9.6,-5.5,-2.2,-1.8,1.9,-1,-9.7,-2.5,-1.5,0.7,1
1.8,-0.9,-9.7,-0.6,-0.4,0.6,1.8,-1,-9.6,-2.9,-1.7,-1.7,2.5,-1.3,-10.2,2.6,34.8,-6.8,-0.8,-0.8,-10.4,-25.8,37.2,29.1,-3.3,-3.4,-7.3,-29,-56.8,0.8,-0.6,-4.4,-8.5,-29,-56.8,0.8,-0.6,-4.4,-8.5,23.6,-40.7,-66.6,2.1,-1.1,-10.8,25.9,25.1,-21.7,2,-0.7,-9.5,-2.9,22.2,-4.7,0.7,-0.8,-9.7,-5,11.9,-5.1,1
1.6,-1.3,-9.7,-3.1,-7.3,-4.3,3.3,-2.1,-11.1,-5.4,56.7,-8,-1.9,-2.1,-7.3,-48.2,-30.3,39.2,-1.5,-5.5,-6.9,-29.7,-59.9,-9.6,0.5,-4.4,-8.9,26.3,-22.2,-37,2.8,-2.2,-9.7,13.2,7.9,-44.7,3.3,-0.5,-9.7,5.1,40.8,-5.7,3.3,-0.5,-9.7,-7.8,5.9,-2.7,2.5,-0.6,-9.4,-7.8,5.9,-2.7,2.1,-1.4,-9.4,-7.8,5.9,-2.7,1
2.1,-1.4,-9.4,0.6,-1.9,5.1,2.9,0.1,-9.1,-1.4,-20.1,-12.9,1.3,-0.6,-13.2,-1.4,-20.1,-12.9,1.3,-0.6,-13.2,-9.6,91.1,44.3,-1.6,-3.9,-7.8,-58.2,-46.9,35.3,-1.6,-3.9,-7.8,-10.5,-67.7,-32.2,1.9,-5.9,-7.3,-10.5,-67.7,-32.2,3.8,-2.7,-10.3,17.3,7.8,-47.9,3.9,-0.6,-9.4,-2.4,23.1,-10.3,3.9,-0.6,-9.4,0.1,12.5,-3.8,1
3.4,-0.3,-9.1,0.1,12.5,-3.8,3.6,-0.7,-9.2,0.1,12.5,-3.8,3.6,-0.7,-9.2,-2.6,3.2,-4.3,2.8,-0.7,-11.6,-12,103.6,21.3,-0.8,-4,-7.8,-50.2,-32.9,38.2,0.7,-5.7,-5.8,-22.6,-76.2,-18.8,3.5,-4.2,-8.8,0.9,-17.3,-36.9,3.7,-1.4,-9.2,17.8,12,-24.2,3.5,-0.4,-9.5,10.5,34.4,-10,3.7,-1.8,-9.2,-10.1,5.5,23.1,1
3.3,-1.9,-8.5,21.6,-24.4,12.7,1.7,-0.7,-13,-14.6,95,31.9,-0.8,-3.3,-7.1,-56.3,-78.3,28.1,3.1,-4.7,-8.3,6.1,-48.9,-36.1,4.1,-1.2,-10.1,35.4,19.5,-27.6,4.2,-0.4,-8.9,5,27.8,-11.8,3.3,0,-9.1,-1.4,11.7,3.2,3.7,-0.7,-9.2,0.8,-0.3,-0.3,3.5,-0.3,-9.3,-0.1,1.9,-4.2,3.7,-0.3,-9.2,0.5,0.7,0.1,1
3.7,-0.3,-9.2,-1.9,1.5,0,3.7,-0.4,-9,-3.1,0,0.8,4.1,-0.5,-8.8,-5.2,1.8,-3.3,4.1,-0.5,-8.8,-30.9,74.6,27,2.6,-0.5,-11.7,-30.9,74.6,27,-1.7,-2.8,-7.8,-60.6,-54.3,32.3,1.3,-5.3,-7.6,-16.2,-58.9,-29.3,2.9,-3.2,-9.1,21.4,-15.8,-33.6,4.3,-1,-9.4,13.6,9.4,-19.1,4.9,-0.3,-8.9,10.6,25.9,-11.2,1
4.9,-0.3,-8.9,-3.5,21.6,-8,4.5,-0.8,-8.4,-3.5,21.6,-8,4.6,-0.9,-8.6,-3.5,21.6,-8,6.2,-1.7,-8.4,-4.5,30.4,-24.5,0.9,-1.7,-9.6,-60.6,17.4,54.2,-0.6,-4.5,-6,-53.4,-90.1,10.1,2.8,-4.9,-7.8,-1,-25.4,-34.9,4.3,-2.3,-9.8,39,23.1,-44.6,4.1,-0.9,-9.2,-0.9,20.7,-7.5,4,-1.2,-8.9,-7.7,-3.8,2.4,1
4.1,-1.3,-8.8,-0.8,0.4,1.6,4,-1.2,-8.9,-8.5,-2.7,-3.4,3.9,-0.8,-8.8,-5.6,5.3,-10.8,3.5,0.2,-9.5,5.7,21.9,-8,0.8,-0.8,-9.9,-62.3,21.8,66.6,0.2,-4.8,-4.9,-59.2,-89.3,-8.1,3.3,-3.3,-9.7,22.6,-20.9,-44.1,4.4,-0.7,-9.4,18.7,20.8,-21.8,4.2,-0.1,-8.9,-2.9,30.8,-11.9,3.3,-0.3,-8.8,-29.6,0.8,-7,1
3.3,-0.7,-9.3,-12,5.6,2.7,5.4,-1.6,-9.8,4.1,42.8,-26.1,-0.4,-1.9,-8.1,-91.9,-30.4,74.7,1.5,-6.2,-6.3,-30.4,-68,-5.4,2.5,-4.2,-8.3,6.6,-25.7,-37.4,3.3,-1.1,-9.5,13.1,9.6,-43.8,4.3,0.6,-9.9,20.2,39.7,-12.4,4.1,0.2,-8.8,-5.3,2.6,-1.3,4.2,0,-8.8,-1.5,0.8,-1.1,4.2,0,-8.9,-1.5,0.8,-1.1,1
4.2,0,-8.9,-2.5,1.4,0.4,4.2,0,-8.9,0,0.1,-0.7,5.6,-0.4,-9,5.1,38.4,-24.2,5.6,-0.4,-9,-41.7,42.3,27.8,2.1,-1.3,-10.2,-41.7,42.3,27.8,-1.1,-3.8,-7.5,-44.6,-53.8,27.9,-1.1,-3.8,-7.5,-13.1,-61.7,-33.7,1.7,-4.8,-6.7,-13.1,-61.7,-33.7,3.6,-2.5,-10,18,-8.3,-39.8,4.7,-0.3,-9.1,11.9,18.5,-18.2,1
4.7,-0.3,-9.1,1,20.8,-16.4,5.4,0.3,-8.4,1,20.8,-16.4,4.2,0.5,-9.1,-11.6,0.9,-1.4,5,-0.2,-8.4,-0.5,11.8,-8.1,3.2,-0.9,-10.4,-13.7,64.6,20.1,-1.3,-3.6,-8.1,-63,-33.4,39.7,-0.1,-5.8,-6.6,-35.3,-76.4,-10.5,2.8,-3.5,-9.6,9.6,-4.8,-66.3,2.8,-3.5,-9.6,29.1,36.1,-17.6,3.7,-0.1,-9.9,29.1,36.1,-17.6,1
3.8,-0.1,-9,-3,15.9,4.6,3.6,-0.5,-9.1,-3.7,-0.6,-3.6,4.8,-1.5,-10.7,-11.6,72.9,-8.4,-0.7,-2.1,-8.9,-56.7,-33.5,42.7,1.9,-4.6,-6.8,-12.8,-69.8,-29.3,3.4,-1.9,-10.1,20.6,-3,-44,3.8,-0.1,-9.4,15.5,30,-25.3,3.8,-0.1,-9.4,-14.2,10.4,2.2,3.5,0,-9.5,-14.2,10.4,2.2,4.1,-0.5,-8.8,3.2,11.7,4.3,1
3.8,-1.1,-8.7,-23,-1.3,-1.1,2.1,0.1,-11.9,30.9,76.4,19,0.1,-3.6,-6.3,-54.9,-86.4,24.7,4,-3.8,-9.2,7,-40.8,-37.7,5,-1,-9.4,25.1,18,-28.8,5,-1,-9.4,-3,25.1,-17.3,5.3,-0.3,-8.5,-3,25.1,-17.3,4.8,-0.8,-8.5,-14.3,12.1,-6.2,4.1,-1.1,-8.8,-13.9,-2.9,3.9,3.3,-0.7,-9.1,-8,-8.6,-6,1
3.6,-0.3,-9.1,0.3,5.5,-5.7,3.6,0,-9.3,3.2,6.1,-9.3,5.3,-0.4,-9.7,9.9,68.7,-35.1,-0.9,-0.5,-9.1,-52.7,-10.1,61,1.9,-4.7,-6,-28,-94.7,-29.5,3.4,-2.4,-9.8,13.1,-3.3,-43.3,4.5,0.1,-9.4,12.4,37,-25.8,4.4,0.2,-8.7,-2.7,17.2,-2.9,4.5,-0.7,-9.1,-5.9,20.9,0.8,4.5,-0.7,-9.1,-11.4,7.2,11.4,1
3.4,-1.5,-8.8,-11.4,7.2,11.4,3.2,-2,-9.6,-2.5,4.9,-2.3,3.8,-1.6,-11.4,1.7,58.1,-14.7,-1.2,-3.1,-8.1,-57.7,-31.8,37,-0.4,-5.3,-6.2,-27.9,-65.6,-24.2,1.2,-4.2,-9.3,7.3,-14.1,-40.1,1.2,-4.2,-9.3,4.4,6.1,-15,2.5,-1.4,-9.7,4.4,6.1,-15,3.3,-0.2,-9.5,12.1,16.7,-15.8,3.5,0.2,-9.6,12.4,34.9,-12.9,1
3,0.1,-9.1,-0.9,9,-1.8,4.1,-0.7,-8.9,-2.8,-1.8,-8.6,1.6,-0.5,-9.7,-34.5,55.1,47.6,1.6,-0.5,-9.7,-28.5,-25.2,19.1,0.5,-3.8,-8.7,-28.5,-25.2,19.1,-0.5,-4.7,-8.5,-34.2,-28.8,15.5,0,-5.3,-7,-11.4,-42.7,-2.7,2,-4,-8.3,7.1,-31.5,-28.4,2,-4,-8.3,31.6,0.1,-27.6,3.5,-2.1,-10,31.6,0.1,-27.6,1
4.7,-0.6,-8.8,8.5,31.5,-14,5.9,-0.8,-8.1,-19.6,20.6,-22,3,-1,-10.4,-15,60.2,4.6,0.6,-3.4,-8,-46.1,-33,44.4,3.8,-4.2,-9.1,10.1,-34.2,-44.7,4.2,-1.6,-9.4,10.1,-34.2,-44.7,4.2,-1.6,-9.4,6.3,8.9,-16.7,4.4,-0.9,-8.7,-10.7,12.6,-12.5,4.4,-0.9,-8.7,-2.2,23.8,-13.2,3.2,-1,-9.2,-2.2,23.8,-13.2,1
0.2,-0.7,-9.6,-10.3,-8.9,-10.1,0.2,-0.7,-9.6,1.3,67.3,-42.3,3.4,-0.6,-9.8,1.3,67.3,-42.3,-2.4,-0.6,-8.7,-77.4,-44.5,83.6,1.6,-5.1,-6.7,-11.2,-75.4,-64.9,3.1,-0.8,-9.6,11.3,22.2,-10.6,3.1,-0.8,-9.6,22.5,-1.9,-34.3,3.7,-0.5,-9.4,2.9,13.9,-7.2,3.5,-1.2,-9.2,-1.5,-5.4,-2,3.5,-0.8,-8.8,-10.1,12.9,-12.9,1
3.5,-0.4,-10.6,-2.1,76.3,-10.2,0,-1.1,-9.4,-49,3.4,57.1,0.3,-5.3,-6.1,-27.7,-86.3,-5.6,3.3,-4,-8.7,2.4,-32.3,-31.9,3.9,-1.9,-9.2,22.9,10.1,-21.4,4.6,-0.9,-9.4,19.1,34.9,-24.4,4,-0.8,-8.8,-8,19.5,-7.8,3.5,-0.9,-9.4,-7.1,10.4,4.5,2.8,-1.1,-9.3,-6.5,-6.4,-1.6,2.8,-1.1,-9.3,-1.8,-0.4,-2.4,1
2.6,-0.8,-9.3,-1.8,-0.4,-2.4,2.8,-0.7,-9.3,-2.9,-0.2,-2.4,1.9,0.2,-12.8,-22.2,93.5,58.1,-1.1,-4.7,-5.9,-51.9,-84.2,8.7,2.1,-5.7,-7.7,-2.6,-49,-22.8,3.3,-3.4,-8.6,10.3,-22.1,-32,4,-1.5,-9.4,4.8,17.1,-22.7,4.3,-0.7,-9,5.6,16.9,-15,4.3,-0.2,-9,-8,22.9,-15.4,4.3,-0.7,-9,-8,22.9,-15.4,1
3.8,0.2,-8.7,-8.6,30.5,-12.7,3.5,0,-9.5,-3.6,-10.9,8.3,3.6,0.1,-9.1,2.3,8.2,-12.8,3.6,0.1,-9.1,-6.9,43.4,-26.7,3.9,0.1,-9.8,-6.9,43.4,-26.7,0.3,-0.4,-9.9,-41.1,11.5,77.6,-1.5,-5,-7.4,-48.2,-60.6,15.1,1.6,-4.8,-7.3,-14,-48.3,-26.7,3.6,-2.6,-9.9,31.5,12.4,-32.2,4.6,-0.5,-9.3,-1.5,44.5,-35.1,1
4.3,-1,-9,-0.8,-9,15.4,4.3,-1,-9,-11.8,-12.7,-1.1,3.5,-0.9,-8.9,-11.8,-12.7,-1.1,2.9,-0.6,-11.7,2.7,114.3,-6.5,0,-4,-8,-17.3,-7.2,32,-0.8,-5.4,-7.3,-34.3,-56.5,25.7,1.9,-5.4,-5.9,-8.3,-73.6,-27.2,5,-2.4,-8.5,27.4,-5.5,-44.4,4.6,0.2,-9.7,-21.6,41.7,-17.7,1.6,-0.5,-9.7,-11.1,4.2,2.6,1
1.3,-0.8,-9.5,-11.1,4.2,2.6,1.3,-0.8,-9.5,-5.8,2.7,-4.6,1.3,-0.8,-9.5,-7,19.5,33.8,2,-2.1,-10.5,-7,19.5,33.8,0.3,0.6,-11.3,27.7,87,-0.9,-2.1,-0.9,-8.5,-54,-28.3,80.1,0.3,-4.5,-6.9,-29.4,-89.1,-27.3,2.3,-2.3,-9.8,21.7,-9,-59.7,1.6,0.1,-10.1,4.7,22.6,-8.1,2.4,0,-9.5,4.7,22.6,-8.1,1
2.4,0,-9.5,10,15.5,4.5,2.8,-0.3,-9.9,-0.1,27.9,-36.2,3.4,-0.3,-10.7,-18.5,81,-37.7,-0.8,-0.1,-9.1,-46.8,-14.8,79.1,1.3,-5.1,-6.2,-35.7,-95.6,-17.1,2.8,-2.7,-9.5,-1.1,-9,-30.9,2.3,-1.1,-10,12.5,16.4,-13.8,3.1,-0.6,-9.7,-5.9,26.3,-9.7,1.5,-0.1,-10.1,-12.7,6.3,-6.7,1.9,0,-9.5,0.5,-0.8,-7.5,1
1.6,0.5,-9.6,-4.9,-0.4,0.9,1.6,0.5,-9.6,1.4,77,-17.2,3.1,0.2,-11.2,1.4,77,-17.2,-0.8,-0.1,-8.1,-53.9,-19.8,60.6,-0.1,-4.5,-6.7,-14.9,-88.2,-26.3,2.5,-2.7,-10.1,12.9,-23.3,-32.7,2.7,-0.4,-9.6,12.1,19.7,-19.5,2.3,0.1,-9.6,4.6,17.9,-8.7,2.9,0.5,-9.5,2.8,17.9,-3.5,2.4,0.1,-9.6,-5.5,-10.3,5.1,1
2.5,0.3,-9.6,-0.2,-0.7,1.5,3.7,-0.2,-9.3,-7.7,21.1,-15.3,0,0.3,-10.1,-59.8,32.6,88.6,-0.8,-4.9,-6.2,-59.8,32.6,88.6,-0.8,-4.9,-6.2,-43.1,-81,2.9,1.8,-3.9,-8.1,7.6,-22.3,-69.3,2.2,-0.3,-10.1,7.6,-22.3,-69.3,2.2,-0.3,-10.1,9.4,19.4,-18,2.4,0.7,-9.8,6.4,19.8,-6.5,2.2,0.5,-9.2,-10.1,13,-0.2,1
2.1,0.2,-9.7,-5,-0.3,4.1,3.7,0.1,-9.5,-10.6,23.9,-19.2,0.2,-0.3,-9.9,-54.4,38.4,57.1,0.2,-0.3,-9.9,-29.6,-38,34.2,-1.8,-4.3,-8,-29.6,-38,34.2,-0.3,-6.1,-6.5,-13.6,-67,-0.3,2.8,-4.2,-9.4,-13.6,-67,-0.3,2.8,-4.2,-9.4,-2.8,-33.4,-46.7,3.2,-0.7,-9.8,12.6,7.2,-36.2,3.6,1.7,-9.4,9.4,30.4,-38.9,1
3.1,2,-9.3,-7.6,-1.8,6.9,3.2,1.8,-9.1,-4.1,-1.2,-2.6,3.2,2.2,-8.9,-5.8,5.9,-3.7,3.4,1.6,-10.8,-11,63,0.5,0.9,-1,-8.8,-22.9,1.6,39.3,-0.8,-4.1,-8,-23.2,-46.1,25.2,0.9,-5.5,-7.4,-8.7,-44.8,-12.5,2.7,-3.7,-9,1.9,-26.9,-24.3,3.4,-0.9,-9.5,13.1,6.6,-41,3.9,1.3,-9.3,13.3,32.1,-29.6,1
4.4,1.5,-8.6,13.3,32.1,-29.6,4.4,1.5,-8.6,-2,-6.6,-1.8,4.6,1.5,-8.4,-3.3,6.3,-7.5,4.7,1,-11.5,-35.5,85.2,3.6,0.1,-2.6,-8.6,-51.3,-25.1,39.1,0.6,-5.7,-6.7,-22.1,-61.3,3,2.7,-4.2,-8.6,7.8,-38.5,-32.9,3.6,-1.2,-9.4,9.2,1.9,-28.9,4.1,0.3,-8.8,3.8,16.1,-19.8,3.1,1.6,-9.8,2,32.1,-12.3,1
4.2,0.8,-9.1,2,32.1,-12.3,4.2,0.8,-9.1,-2.7,-4.9,0.8,4.8,0.9,-8.9,-7.1,36.7,-20.9,1.3,0,-9.8,-53.6,48.1,79.7,1.3,0,-9.8,-39.8,-63.5,27,-1,-5.1,-6.8,-39.8,-63.5,27,-1,-5.1,-6.8,-22.4,-60.2,-36.5,2.5,-5.5,-7.6,-22.4,-60.2,-36.5,3.3,-2.9,-9,9.2,-7.6,-39.1,4.5,-0.6,-9.4,9.2,-7.6,-39.1,1
4.5,-0.6,-9.4,21.9,11.6,-28.4,4.5,-0.6,-9.4,-8.1,39.3,-13.2,3.5,0.8,-9.5,-8.1,39.3,-13.2,4.2,0.4,-8.6,-15.3,0.3,-7.1,2.3,0.5,-12.2,-15.3,0.3,-7.1,2.3,0.5,-12.2,-23.5,105.4,43.9,-0.8,-4,-7.4,-52.6,-48.1,31.9,0.8,-5.8,-6.7,-20.1,-57.7,-18.2,2.8,-3.6,-8.8,4,-17.3,-38.1,3.9,-0.1,-9.5,9.3,16.6,-27.7,1
3.6,0.8,-8.9,-4,-3.3,5,3.6,0.7,-9.2,0.4,1,1.4,6,0.3,-9.2,-9.3,83.3,-32.1,0.7,-1.2,-8.8,-44.2,22.3,69.5,0.2,-5.2,-7,-26.7,-58.2,10.4,2.9,-4.9,-8.1,-5.8,-44.4,-23.3,3.7,-2.6,-8.5,10.6,-10.5,-29.6,4,-0.8,-8.9,2.5,4.5,-15.9,4,-0.8,-8.9,-0.5,36.8,-16.3,4.2,0.5,-9.1,-0.5,36.8,-16.3,1
4.2,0.5,-9.1,-11.8,-11,11.5,3.7,0,-9.4,-11.8,-11,11.5,3.2,0.1,-8.8,-6.6,-2.8,-7,4.1,0.2,-11.8,-6.6,-2.8,-7,-1.4,-2.2,-6.9,-80.7,-56.6,57,1.7,-5.2,-6.8,6.5,-62.7,-41.6,2.6,-2.3,-9.8,6.5,-62.7,-41.6,2.6,-2.3,-9.8,26.3,6.6,-41.3,2.6,-2.3,-9.8,16.5,21.9,-13,2.9,-1,-9.5,16.5,21.9,-13,1
4.1,-0.4,-8.8,20.4,18.2,-9.2,3.4,-0.3,-9,0.4,-3.1,0.7,5.7,-0.4,-8.4,-13.1,24.3,-22.2,5.7,-0.4,-8.4,-42.5,66.1,65.2,1.9,-0.7,-10.7,-42.5,66.1,65.2,-0.6,-4.9,-6.8,-55.4,-76.7,10.2,2.1,-4.9,-7.7,-2.7,-41.6,-36.1,2.9,-1.5,-9.7,13.1,10.8,-23.3,4.2,0,-9.2,13.4,10.9,-4.9,3.7,0.5,-9.2,15,14.7,-17.1,1
4.3,0.5,-8.9,-1.1,-1.9,2.5,4.9,0.6,-8.4,-11.8,35.1,-18.6,1.6,0.2,-11.2,-41.4,60.7,67,1.6,0.2,-11.2,-48.6,-95.1,23.6,-0.3,-4.1,-6.7,-48.6,-95.1,23.6,2.6,-3.7,-9.8,11.5,-43.9,-69.4,3.1,-0.4,-9.8,8.2,17,-21.7,3.6,0.5,-9.2,15.6,14.7,-13.8,3.5,0.9,-9.3,1.2,23.1,-5.1,3.9,0.3,-8.8,-1,-1.4,-5.3,1
3.9,0.3,-8.8,-2.9,-4.4,4.3,3.5,0.5,-9.4,-2.9,-4.4,4.3,3,0.4,-9.5,-25.4,-16.4,17,2.7,0.7,-11.9,-0.9,110.2,8.3,-0.9,-2.6,-8.3,-63.2,-24.8,50.5,0.5,-5.6,-6.6,-31.4,-80.3,1,3.9,-3,-9.2,-16.4,-23.1,-52.6,4.1,0.4,-9.7,17.9,34.7,-50.2,3,1.6,-9.8,2.1,25.5,-17.8,4.1,0.5,-8.9,-2.6,-7.9,7.9,1
3.5,0.8,-9,-1.8,-3.7,2.2,3.4,0.8,-9.2,-5.5,-1.2,-2.2,3.3,1.2,-9.1,4.7,23.5,-13.5,3.4,0.7,-11.3,4.7,23.5,-13.5,3.4,0.7,-11.3,-19.9,93.8,29.9,-1.1,-3.2,-6.9,-64.5,-65,56.6,-1.1,-3.2,-6.9,14.7,-69.8,-51.3,2,-4.8,-6.5,14.7,-69.8,-51.3,4.2,-1.1,-10,28.8,19.7,-47,4,0.5,-9,-1.1,24.8,-9.8,1
3.2,0.2,-9.7,0.2,12.1,-8.5,4.8,0.2,-8.4,-13.4,-0.1,-8.5,3.5,0.1,-10.1,-7.3,52.7,6.3,0.2,-2.6,-8.5,-39.6,-7.5,56.8,0.3,-5.6,-6,-30.2,-67.8,-1.4,2.7,-3.9,-8.8,-8.8,-41.8,-40.7,2.9,-1.2,-9.9,18.4,6.8,-19,2.9,-1.2,-9.9,25.9,18,-19.9,3.7,0.2,-9.3,25.9,18,-19.9,4.3,0.2,-9,9.8,38.1,-7,1
4.5,0,-8.8,0.5,-8.4,1.9,5.8,0.2,-9,2.2,63.1,-40.9,1.4,-1.1,-9.6,-64.3,35.9,70.8,-0.8,-4.8,-7.1,-55,-71.6,16.3,2.8,-4.1,-8.7,40.6,-37.4,-68.2,2.8,-4.1,-8.7,43,15.7,-20.6,5.3,-1,-9.4,43,15.7,-20.6,5.3,-1,-9.4,0.3,3.1,2.4,4.6,-1.4,-8.5,0.3,3.1,2.4,4.4,-1.3,-8.9,-11.7,8.7,1.5,1
4.5,-1.1,-8.9,-11.7,8.7,1.5,4.5,-1.1,-8.9,-8.1,23.9,-20.9,1.1,-0.8,-10.7,-12.9,78.7,57.3,-0.2,-5.2,-4.8,-81.1,-115.5,32.4,4.7,-3.9,-7.7,7.2,-36.4,-45.3,4.6,-0.8,-10,5.5,24.4,-29.7,4.1,-0.3,-8.4,-3.3,3.1,5,5.2,-0.8,-8.5,-7,40.4,-28.8,2.3,0,-9.9,-2.2,47.2,5.4,2.3,-1.1,-10,-1,-15.7,-6.2,1
2.5,-1,-9.3,-14.9,-34.3,2.2,2.3,-0.7,-9.3,-5.8,-7.2,-11.5,2.1,0.9,-12.2,-19.5,79.9,-12,-2.9,-2.5,-6.6,-53.6,-45.5,69.9,0.9,-5.6,-6.9,-7.5,-61.9,-45.3,1.7,-2.9,-9.1,3.5,-15.7,-37.6,1.9,-0.1,-9.9,2,11.4,-33,2.1,1,-9.9,-3.8,19.9,-6.4,1.8,1,-9.7,-10.2,30.1,-2.9,1.8,0.5,-9.6,-6.6,-27.8,14.5,1
2.2,0.3,-9.8,-5.7,-7.2,6.3,2.5,0.1,-8.9,-8.5,0.7,-10.9,1.6,1.6,-10.5,-2.6,39.6,-11.2,0.3,1.2,-11.3,-27.4,45.6,58,-1.5,-3,-7.2,-42.5,-60.8,49.1,2.2,-4.3,-8,-3.7,-47.4,-42.6,2.7,-1.4,-10.4,16.1,8.1,-39,2.8,0.1,-9.7,5.5,35.1,-8.2,2.8,-0.3,-9.4,-2.7,-1.2,-2.1,3.1,0.1,-9.4,1.4,-2.8,-7.3,1
4.2,-0.6,-9.3,-14,42.9,-31.5,-0.6,-1.3,-7.8,-57.1,-14.1,112.9,2.1,-5.7,-6,-36.8,-81.1,-22.9,4.3,-3.3,-8.8,12.5,-15.8,-39.4,3.9,-1,-9,12.5,-15.8,-39.4,3.9,-1,-9,6.5,5.4,-19.9,4.1,0,-9.1,1.7,22.2,-10.9,4.3,0.2,-8.8,-7.3,29.1,-12.8,4.3,0.2,-8.8,-1.4,-10.5,9.3,4.5,0.3,-8.6,-1.4,-10.5,9.3,1
4.3,0.2,-8.8,-1.8,-1,2.7,5.3,-0.1,-7.6,-36.1,9.7,-32.2,0.1,1,-11.7,-61.6,77.3,116.7,1.7,-6.4,-5.5,-49.9,-96.4,-17.2,3.8,-3.9,-8.4,2.9,-28.9,-51.2,3.8,-0.5,-9.7,-7.3,14.9,-27.2,3.4,0.8,-9.1,-20.7,44.9,-17.6,3.3,0.8,-9.1,17.9,19.7,13.8,4.7,0,-8.4,-20.3,-43.7,17.8,3.3,0.1,-9.3,-3.2,-3,-0.9,1
3.3,0,-9.1,-3.2,-3,-0.9,3.3,0,-9.1,-7.5,-10.5,6.8,3.3,1.2,-12.4,3.7,97.5,-12.4,3.3,1.2,-12.4,-72.3,-32.4,82.1,-1.5,-2.4,-6.6,-72.3,-32.4,82.1,3.1,-5.2,-5.5,-34.5,-89.6,-30.5,3.1,-5.2,-5.5,19.5,9.9,-60.8,5.3,-2,-9.5,19.5,9.9,-60.8,3.8,0.5,-9.6,5.7,13,-8.3,4.9,0.4,-9.1,-5.8,18.4,-8.9,1
0.9,0.2,-10.1,-76.8,-9.7,19.6,0.9,0.2,-10.1,-49,21.3,47.8,-0.4,-2.8,-10.9,-49,21.3,47.8,0.9,-1.9,-9.3,-7.9,27.2,-91.7,-3.8,1.2,-13.3,-68,63.9,100.2,-3.2,-5.9,-4.5,-44,-69.2,-17.6,-3.2,-5.9,-4.5,1.9,-28.8,-45.2,-0.7,-6.6,-6.9,1.9,-28.8,-45.2,0.4,-3.5,-9.6,18,-3.4,-36.5,1.7,-1,-10.2,13.4,27.2,-24.2,1
1.5,-0.1,-9.7,-1.8,50.8,-0.8,2.5,-0.4,-9.4,-5.7,-2.9,-8.1,1.6,0.1,-11.4,-24.9,90.1,17.1,-2.5,-2.7,-7.5,-47,-25.7,51.9,-2.5,-5.5,-6.3,-26.3,-57.3,7.6,0.2,-5.6,-7.8,-8.4,-43.7,-38.8,1.2,-3.4,-9.5,9.9,-1,-29.3,1.8,-0.8,-9.8,23.9,16.7,-26.8,1.8,-0.8,-9.8,-8.5,39.6,-6,2.5,0.1,-10.1,-8.5,39.6,-6,1
0.8,-0.9,-10,-6,7.6,12.8,2.6,-1.5,-9.6,-6.1,-29.7,0.5,4.7,-0.4,-9.9,-7.7,69.3,-42,-1.1,0.3,-9.7,-86.3,31.3,79.2,-1.2,-5.5,-6.4,-41.8,-79.5,-2.8,2,-4.9,-7.9,5.4,-27.8,-52.7,2.6,-1.8,-10.1,2.2,8.4,-26.6,2.8,-0.4,-9.4,3.3,20.1,-11.8,2.6,-0.3,-9.8,-4,22.9,-1.7,2.3,-1,-9.5,0.3,-10.9,-12.6,1
2.3,-0.9,-9.6,-10.8,-14.4,12.1,1,-0.2,-9.9,-26.5,-32.9,11.7,1,-0.2,-9.9,-57.1,70.4,110.7,-1.8,1.8,-11.8,-57.1,70.4,110.7,-0.9,-5.8,-4.7,-57.1,70.4,110.7,-0.9,-5.8,-4.7,-53.1,-83.7,-7.1,2.8,-4.9,-8.6,13.9,-29.8,-61.6,2.9,-1.6,-10,14.5,19.5,-26.9,2.7,-0.6,-9.6,1.5,21,-4.4,3.2,-1,-9.1,-8.9,-3,-1.9,1
2.7,-1.2,-9.7,-10.3,-12.1,9.2,3.1,-1.3,-8,-32.5,4.6,-53,3.1,-1.3,-8,-45.5,49.2,124.4,-1.1,0.2,-10.7,-45.5,49.2,124.4,0.8,-5.4,-5.1,-43.6,-101.6,-38.1,2.9,-3.4,-9.7,24.3,2.2,-64.8,2.8,-0.7,-9.8,0.6,18.3,-13.4,3.2,-0.6,-9.5,-2.7,7.1,-5.5,2.2,-0.4,-9.6,-4.2,34.8,-10.7,1.6,-1,-9.3,2.7,7.1,3.6,1
2.7,-1.1,-9.4,-2.4,-46.6,14.5,2,-1.4,-9.5,-2.4,7.8,-16.6,1,0.2,-13.1,-24.8,133.8,35,-2.4,-3.9,-6.7,-24.8,133.8,35,-2.4,-3.9,-6.7,-72.7,-58.8,52.1,1.1,-6.2,-6.6,-20.7,-72.1,-41.5,2.1,-3.4,-9.7,11,-2.7,-39.3,2.2,-1,-9.6,12.2,17.9,-28.7,3.2,0.1,-9.6,0.8,34.3,-9.8,3.2,0.1,-9.6,1.8,6.4,2.1,1
1.5,0.1,-10.2,1.8,6.4,2.1,2.8,-0.6,-9.3,-0.5,-9.1,0.3,5.3,-1.2,-9.2,2.9,47.2,-29.9,2.8,-0.6,-9.3,2.9,47.2,-29.9,-1.7,-0.7,-9.4,-65.6,20.2,104.8,0.5,-6.3,-4.8,-36.9,-98.7,-18.5,3.4,-4.2,-9.2,7.3,-7.6,-59.8,2.8,-0.7,-9.9,17.6,22.9,-24.6,2.6,-0.2,-9.9,0.2,32.1,2.4,3,-1.5,-9.2,-1.9,-5.3,6.5,1
3.1,-1.3,-9.7,-18,-28.8,12.2,4,-1.4,-8.6,-12.8,29.8,-37,0.2,-0.3,-10,-14.8,55,91.7,-1.2,-5.7,-5.5,-68.4,-68.1,5.9,-1.2,-5.7,-5.5,1.7,-35,-42.8,2.3,-5.7,-7.8,1.7,-35,-42.8,3,-2.7,-9,10.2,6.9,-36,3.4,-0.2,-9.1,11.8,19.4,-20.2,3.1,0.4,-9.9,-17,48.2,-15.4,4.6,-1.1,-8.4,-6.5,-19.3,13.8,1
3.7,-1.1,-9.2,-17.9,-13.6,4.2,4.1,-0.7,-10.1,3,62.7,-27.1,0.2,-1.3,-9.2,3,62.7,-27.1,0.2,-1.3,-9.2,-47.7,38.3,65.3,-1.2,-5.8,-6.2,-47.7,38.3,65.3,-1.2,-5.8,-6.2,-36.5,-59.8,5.5,1.7,-5.5,-7.2,8.6,-33.6,-60.9,2.8,-2.9,-9,14,-2.7,-33.3,3.3,-0.4,-9.5,14,-2.7,-33.3,3.3,-0.4,-9.5,15.9,43.4,-47.9,1
3.6,-0.1,-9.6,0.8,42.2,10,3.6,-0.9,-8.9,-40.2,-47.4,20.7,4.2,-0.8,-11,-2.3,104.1,-22,-1.4,-2.2,-7.4,-2.3,104.1,-22,-1.4,-2.2,-7.4,-78.8,-24.1,80.5,0.6,-6.5,-6.7,-31.8,-73.9,-20,1.8,-4.8,-9,18.1,-22.4,-40.3,1.8,-4.8,-9,23.8,0.7,-28.8,3,-1.8,-9.3,23.8,0.7,-28.8,3.7,-0.2,-9.7,-12,25.7,-22.9,1
3.2,0.4,-9.2,34.5,31.3,-11.2,4.6,-0.2,-8.5,34.5,31.3,-11.2,4.6,-0.2,-8.5,-20,-41.2,8.8,4.8,0.3,-11.9,4.9,131.3,-24.7,-0.3,-2.8,-6.4,4.9,131.3,-24.7,-0.3,-2.8,-6.4,-96.9,-57.2,65,2.8,-5.5,-7.3,-18,-68.6,-44,4.1,-2.9,-9.2,17.5,-6.2,-38.4,4,-0.6,-9.4,0.5,22.7,-28.6,3.9,0.1,-9.2,-4.3,30.1,-10.7,1
2.3,0.2,-9.4,0.1,8.2,10.1,2.3,0.2,-9.4,-27,-33.5,12,2.6,-0.1,-9.3,-27,-33.5,12,3.7,-1.3,-10.3,16.8,91.9,-80.5,-2.9,0,-7,-111.5,-29.7,149.8,1.5,-6.7,-6.3,-34.4,-80.6,-90.2,1.7,-4.1,-9.7,20.6,11.8,-46.3,2.3,-1.3,-9.6,22.5,38.2,-27.4,2.6,-1.1,-9.2,3.4,20.1,1.8,2.2,-1,-9.6,16.5,18.8,-9.8,1
3.3,-0.7,-9.5,-10.1,-32.9,1.1,4.6,-1.1,-9.1,12.1,59.3,-24.4,-1.2,-1.4,-8.3,-104.3,19.4,105.2,1.2,-6.5,-5.6,-56.1,-88.4,-51.3,2.3,-4,-9.9,20.1,-6.6,-54.7,2.8,-1.1,-9.8,0,21.1,-17.1,3,-0.3,-9.5,4.8,14.4,-11.2,3.2,-0.1,-9.4,6.2,26.5,-4.9,3.6,-0.4,-9.2,6.2,26.5,-4.9,3.6,-0.4,-9.2,-1.5,-10.3,0.6,1
3,-0.4,-9.4,-5.8,-10.7,3,3,-0.4,-9.4,0,14,-31.1,3.3,0,-8.9,0,14,-31.1,0,1,-12.2,-70.8,83.8,117.9,0,-6.2,-3.9,-78.3,-90.5,-12.6,2.7,-5.5,-8.4,-78.3,-90.5,-12.6,2.7,-5.5,-8.4,7.2,-20.1,-68.3,3.2,-1.9,-9.9,25.4,17.7,-35.8,3.7,-0.8,-8.7,11.1,22.1,-13.6,3.5,-0.3,-9.3,26.9,41,-12.6,1
3.5,-0.3,-9.3,-1.3,-7.4,4.3,4.1,-0.9,-8.8,-1.3,-7.4,4.3,3.3,-0.7,-9.6,-24.7,-20,10,4.4,-0.9,-9.2,4.1,43.9,-27.9,-0.5,-0.1,-9.9,-80,55.2,97.3,-2.2,-6.4,-5,-68.9,-72.3,-1.4,0.5,-6.5,-6,-17.2,-50.9,-46.8,2.7,-3.7,-9.7,25.4,-10.1,-50.4,3.8,-1.1,-9.2,10.1,20.1,-19.5,4.1,0,-9.6,10.2,43.8,-20.7,1
4.1,-0.7,-8.8,-6.5,-8.1,8.1,4.2,-0.8,-8.1,-2.6,-18.8,2.3,4.5,-0.1,-13.4,17.7,157.2,9.3,-1.4,-4.2,-5.4,-95.5,-50.7,60.9,-1.4,-4.2,-5.4,-54.7,-66.1,-52.3,1.7,-7,-6,-54.7,-66.1,-52.3,3.8,-3.8,-9.5,13.8,-7.2,-41.2,4.5,-0.6,-9,33.5,46.6,-59.9,4,-0.6,-8.5,5,15.3,-1,5,-1.4,-8.3,5,15.3,-1,1
5,-1.4,-8.3,-10.7,-19.1,10.3,4.6,-1.1,-8.2,-5,3.3,-12.4,4.3,0,-14.5,23.6,165.9,0.2,-1,-4,-4.1,-97.6,-83,42.4,4.4,-6,-6.6,18.1,-57.4,-64.4,5.5,-2.4,-9.3,17.6,16.4,-44.9,4.8,-1.4,-8.5,5.2,29.8,-2.2,5.4,-2,-8,-0.1,-2.9,-3,5.2,-1.8,-8.2,-4.8,-3.6,9.6,4.7,-1.5,-9,-15.2,-13.7,-8.8,1
5,-0.5,-8.3,-5.5,36.8,-42.7,3.1,0.3,-12.7,-27.1,127.7,68,3.1,0.3,-12.7,-84.5,-91,20.1,-0.3,-5.8,-4.5,-84.5,-91,20.1,-0.3,-5.8,-4.5,-1.3,-50,-59.7,4.4,-5.7,-6.6,-1.3,-50,-59.7,5.8,-1.8,-9.1,2.2,17.5,-44.3,5.4,-0.4,-8.3,17.9,27.7,-28.5,5.1,-0.3,-8.1,1.2,5.9,6.3,5.8,-0.9,-7.9,-0.4,0,-3.5,1
5.8,-0.9,-7.9,-13,-16.9,8.8,5.1,-0.6,-8.3,-13,-16.9,8.8,7.3,0.2,-8.9,-14.9,73.7,-59,0.4,-0.7,-8.9,-84.8,26.4,114.6,2.8,-6.7,-4.3,-68.4,-97.3,-7.5,6.1,-4,-8.5,20.8,-39.6,-60,5.5,-0.6,-8.6,1.5,43.6,-22.8,5.5,-0.7,-8.2,1.5,43.6,-22.8,5.5,-0.7,-8.2,2.2,29.8,-5.9,5.4,-1.5,-8,-13.4,-18,4.7,1
4.9,-1.2,-8.9,-3.4,-4.6,1.1,4.9,-0.7,-7.1,-22.4,-21.6,-17.8,3.1,1.4,-14.6,-22.4,-21.6,-17.8,3.1,1.4,-14.6,-17.8,160.9,31.4,-1,-5,-5.2,-81.9,-58.3,46.8,2.6,-7.1,-5,-20.9,-71.5,-29,5.4,-4.4,-8.6,9.6,-18.1,-53.4,5.2,-1.9,-8.3,5.9,10.3,-25.2,5.2,-0.8,-8.5,5.5,20.4,-26.1,5.8,-0.8,-8,27.1,23.1,-18.1,1
5.5,-0.5,-8.2,-12.1,-28.8,19,5.5,-0.5,-8.2,-7.6,-13.3,10.5,5.4,-0.7,-8.2,-7.6,-13.3,10.5,5.9,-0.4,-6.9,-4.8,2.5,-33,3.7,1.7,-12.4,-39,141.9,62.6,-0.6,-5.5,-5.4,-68.1,-60.6,34.1,3.6,-7,-4.9,-24.5,-78.5,-20.9,6.1,-3.6,-7.4,13.8,-26,-39.5,6.6,-0.3,-7.9,1.4,32.7,-64.8,5.5,0.2,-8.1,13.9,28.4,1.4,1
6.2,-0.6,-7.5,-4.7,-25.3,19.2,5.4,-0.6,-7.8,-40.8,-22.6,31.2,6.5,0.5,-9.1,4.7,85.8,-65.9,1.4,0,-8.8,-89.1,42.1,103,0.8,-6.6,-5.8,-51.1,-68.3,13.1,3.9,-5.6,-7,9.9,-50.8,-30.5,5.6,-2.6,-8.3,19.8,-17.6,-27.2,5.6,-2.6,-8.3,8.6,17.4,-30.2,6.3,-0.7,-7.7,8.6,17.4,-30.2,6.2,-0.2,-7.7,-12.7,29.6,-16.8,1
3.9,-0.4,-9.4,2,-3.6,-1.8,3.8,-0.2,-9.1,-47.2,-43,30.8,5.1,1.5,-14.4,28.2,175.7,-18.2,-1,-3.4,-3.2,-107.5,-89.7,68.8,4.5,-6.1,-6,-6.9,-63.9,-49,6,-2.3,-8.5,18.2,2.2,-36.9,6.9,-0.2,-7.9,20,38,-30.4,5.5,-0.3,-7.3,-6.2,-4.2,13.6,6.1,-0.2,-7.4,-17,-20.7,14.7,5.6,0.1,-8.3,-12.2,-10.6,15.6,1
5.5,-0.4,-8.1,-12.2,-10.6,15.6,5.5,-0.4,-8.1,-3,-2,1.4,7.7,0.2,-7.9,-3.5,81.5,-82.6,0.3,-0.8,-7.4,-85.9,20.3,111.2,3.8,-6.4,-4.4,-85.9,20.3,111.2,3.8,-6.4,-4.4,-46.4,-94.7,-21.8,5.5,-3.9,-7.5,25.2,-0.2,-59.8,5.9,-1.6,-8.8,6.4,26.6,-31.9,5.8,-2.1,-7.8,-8,19,-12.6,5.4,-1.7,-8.5,-8,19,-12.6,1
5.4,-1.7,-8.5,-2.4,26.5,-2,5.4,-2,-7.7,-2.5,-7.1,7.3,4.2,-1.7,-8.1,-49.6,-40,11.7,6.7,1,-17.9,-49.6,-40,11.7,6.7,1,-17.9,-2.4,188.5,42.1,1.4,-4.9,-2.8,-92.2,-113.4,18.6,6.3,-4.9,-7.1,3.9,-37.3,-72.1,6.3,-0.5,-9.2,-5,35.8,-62.3,5.2,0.4,-8,7.1,12.1,-6.9,5.2,0.4,-8,-0.4,2.2,1.8,1
6.2,0.1,-7.8,-0.4,2.2,1.8,5.8,-0.2,-7.9,-16,-13.5,9.1,6.2,-0.4,-6.9,-4.9,3.3,-17.8,4.5,1.2,-12.8,-67.8,119.1,97.3,3.1,-5.4,-3,-72.6,-119.1,9.3,6.5,-4.3,-7.3,8.8,-25.1,-54.8,6.2,-0.4,-8,3.4,4.6,-35.3,6.5,0.9,-7.3,-3.7,22,-28,5.5,1,-8.5,-3,25,-26.6,4,0.5,-8.8,-0.1,-3.3,6.9,1
2.6,0.1,-9.9,-3.5,-11,2.8,3,0.1,-9,-2.1,5.7,-20.2,1.6,2.3,-15.7,-28,131.9,44.5,-1.3,-3.7,-5.1,-92,-82.7,42.9,-1.3,-3.7,-5.1,-6.9,-63.7,-46,3.4,-6.5,-5.7,-6.9,-63.7,-46,5.4,-2.6,-8.6,22.5,-4.5,-57.1,4.8,-0.2,-9,14.2,51.6,-40.5,5.2,-1,-7.9,-9.5,-9.3,16.3,5,-1,-8.5,-0.8,-0.6,-1.8,1
5,-1,-8.5,-29.7,-27.3,16,4.5,-1,-7.8,-29.7,-27.3,16,8.1,0.3,-11.8,14.6,144,-70.8,-0.8,-2.6,-3.1,-145,-86.1,94.4,5.2,-6.3,-7,13.5,-59.5,-57.4,6.4,-1.8,-9,17,19.5,-56.6,6.1,-0.2,-8,-2,26,-18,6,-0.3,-7.8,6,15.1,-5.7,5.9,-0.9,-7.7,-5.3,-6.9,3.5,5.6,-0.8,-8.1,-10.9,-13.4,10.4,1
5.6,-0.8,-8.1,-7.6,1.3,-29.5,3.2,2.4,-14.2,-57.5,118.1,132.3,3.1,-5.8,-2.8,-63.9,-113,-21.4,6.3,-4.5,-8.6,54.7,-30,-87.6,6.1,0.2,-8.5,7.9,30.1,-52.1,6.1,0.3,-7.5,-3.2,3.4,-0.7,6.5,0.2,-7.5,2.3,4.6,-5.3,6.4,0.3,-7.4,0.4,-0.1,1,6.4,0.3,-7.4,-9.8,0.4,15.4,6.1,0.1,-8,-9.8,0.4,15.4,1
4.8,-0.6,-7.6,-4.2,-16.3,2.4,7.8,1.5,-9.5,13.8,98.7,-91.1,0,-0.4,-5.6,-150.4,-11,130.4,6,-5.6,-5.8,-16,-81.9,-67.8,5.8,-1.5,-9.2,10.3,13.2,-36.4,5.3,0,-8.6,2.1,21.1,-33.2,5.6,-0.2,-8.4,9,14.8,-2.6,5.6,-0.2,-8.4,-29.2,-26.3,23.3,5.4,-0.6,-7.5,-29.2,-26.3,23.3,5.8,-0.6,-8.3,4,1,-9.1,1
4.8,-0.1,-7.7,-33.5,-22,14.2,6.6,1.3,-15.2,17.5,177.2,-4.2,1.1,-3.8,-1.7,-86.7,-108.1,72.5,7.8,-3.8,-6.7,-4.5,-56.3,-76.3,7.8,-3.8,-6.7,-3.9,40.3,-29.8,6,0.3,-8.1,-7.7,-11.4,25.8,5.6,-0.2,-8,-7.7,-11.4,25.8,6.3,-0.4,-7.7,3.5,3.3,-8.2,5.7,-0.5,-8.7,-3.5,2,10.4,4.2,-0.4,-8.6,-3.5,2,10.4,1
4.2,-0.4,-8.6,-23.5,-7.7,3.2,4,-0.5,-8.6,-11.8,2.7,-0.6,7,1.7,-14.2,14.6,185.5,-25.2,-0.9,-3.8,-3.3,-114.8,-74,88.7,6.9,-5.9,-5.9,-7.7,-56.8,-84.5,6.5,-1.3,-8.4,-7.7,-56.8,-84.5,6.5,-1.3,-8.4,15.5,9.3,-30.1,6.5,-1.3,-8.4,7.9,16.5,-28.5,6.3,0.3,-7.7,7.9,16.5,-28.5,6.4,0.3,-7.6,-22.2,36.9,-19.1,1
4.3,0.3,-9,-2.2,-31.6,19.2,4.3,0.3,-9,-18.9,-18.5,13,4.1,-0.4,-8.7,-18.9,-18.5,13,4.5,-0.1,-7,-3.1,6.9,-40.7,2.9,2.8,-13.9,-59.4,114.7,115,0.9,-5.1,-2.9,-97.4,-100.6,13.7,4.7,-5.9,-7.1,19.2,-38.5,-60.4,6.2,-2.3,-7.7,21.9,12.2,-45.6,6.7,-0.8,-8.4,13.6,52.1,-42,6,-1.5,-7.8,-7.7,-8.4,-7.2,1
5.3,-0.8,-8.4,-16.5,-10.8,2,5.3,-0.8,-8.4,-18.2,-28.8,6.4,4.5,-1,-7.9,-18.2,-28.8,6.4,7.2,0.7,-12.9,16.3,164,-49.2,-0.2,-2.2,-3.7,-117.4,-67,119,-0.2,-2.2,-3.7,26.5,-81.4,-63.7,8.3,-6.3,-6.7,26.5,-81.4,-63.7,6.8,-1.4,-7.4,4.1,17.6,-32,6.7,-1,-7.3,6.2,26.8,-30.8,5.8,-1.2,-7.6,-10.1,21.1,3.7,1
5.3,-2.3,-7.5,-10.1,21.1,3.7,5.3,-2.3,-7.5,-19.1,-9.5,11.9,4.9,-2,-8.7,-0.9,-7,3.8,4.6,-2.1,-7.7,-26.8,-26.3,5,7.1,-0.7,-8.5,9.9,54,-80.7,7.1,-0.7,-8.5,-93.1,85,84.7,3,-1.2,-15.6,-93.1,85,84.7,9.6,-2.9,-4.4,-31.5,-167.8,-184.6,6,0.3,-8.6,5.3,39.4,-31.5,6,0.3,-8.6,-0.8,7.1,-14.1,1
5.5,0.1,-8.3,-0.8,7.1,-14.1,5.8,0.1,-7.9,-4.5,-6.2,5.4,7.4,0.2,-8.2,-10.6,56.7,-49.9,7.4,0.2,-8.2,-119,40.3,124.5,0.3,-1,-6.1,-119,40.3,124.5,3.7,-7.9,-3.4,-43.1,-68.8,1.5,6.5,-4.9,-6.4,5.7,-45.3,-52.1,7.2,-1.4,-7.3,2.8,17.2,-39.6,6.7,-0.6,-7.5,-1.7,26.6,-25.1,4.4,-1,-8.5,0.7,22.8,-8.9,1
4.4,-1,-8.5,1.9,-10.9,4.6,5,-1,-8.5,1.9,-10.9,4.6,5,-1,-8.5,-33.8,-53.3,40.8,4.7,-0.9,-8.4,-33.8,-53.3,40.8,7.2,-0.7,-10.6,21.9,90.6,-95.2,-0.7,-1.7,-6,-146.6,-10.3,102.9,5.5,-6.7,-6.2,-146.6,-10.3,102.9,5.5,-6.7,-6.2,-12.9,-65.5,-78.4,4.9,-2.3,-9.4,5,3,-32.7,4.9,-2.3,-9.4,5.3,38.8,-37.5,1
4.6,-0.4,-8.2,-4.6,5.1,3,4.5,-0.2,-8.7,-4.6,5.1,3,4.5,-0.6,-8.2,-32.8,-28.9,24.6,4.5,-0.6,-8.2,9.3,121.7,-49.3,7.3,-1,-11.7,9.3,121.7,-49.3,7.3,-1,-11.7,-105.7,-42.9,116.2,-0.8,-2.6,-4.9,-105.7,-42.9,116.2,5.1,-6.4,-5.3,-31.5,-78.2,-63.3,5.9,-1.5,-8.2,10.7,13.9,-28.3,5.6,0.1,-8.4,25.3,41.9,-15.1,1
6.5,-0.9,-7.3,-4.4,-17.1,6.6,5.7,-1,-8.6,-38,-0.8,11.2,6.6,0,-6.9,15.4,33.4,-56.2,3.6,1.7,-12.5,-90.5,102.7,132.1,3.2,-6.2,-2.5,-60,-112.9,-14.8,6.7,-3.8,-7.6,-60,-112.9,-14.8,6.7,-3.8,-7.6,13.2,-17.9,-73.3,6.1,-0.5,-8,6.6,34.9,-46.8,6.2,-0.3,-8.1,11.6,23.4,-13.6,6.3,-0.8,-7.5,-1.3,-2.6,-0.1,1
6.4,-0.7,-7.7,0.7,-0.1,-3.9,6.4,-0.7,-7.7,-32.8,-37.8,9.3,5.6,-0.6,-6.9,-32.8,-37.8,9.3,9,-0.8,-14.8,1.6,184.2,-46.2,1.1,-4.6,-1.8,-107.6,-97.2,52.5,6.6,-5.7,-5.9,8.5,-42.7,-53.8,7.1,-1.7,-7.1,7.3,16.8,-49,6.6,-0.9,-7.7,-13,34,-23.6,6.4,-0.9,-7.5,-6.3,-25.3,18.8,6.4,-0.9,-7.5,-4,-4.6,-0.2,1
6,-1,-7.7,-4,-4.6,-0.2,5.4,-1.2,-9.3,-41.1,-17.9,21.7,4.7,-1.3,-8,-2.5,-8.1,-20.1,7.5,1.4,-14,37.8,190,-52.1,0.2,-4.1,-4.9,-96.8,-58.4,86.2,5.1,-6.7,-4.8,-20,-77.6,-33.8,5.1,-6.7,-4.8,16,-8.8,-52.8,6.8,-2.9,-7.1,16,-8.8,-52.8,7,-0.4,-7.7,7.6,21.2,-33.5,6.7,-0.5,-7.2,-4.1,32.5,-16.9,1
6.7,-1.1,-7.2,-1.7,-2.5,3.9,6,-1.2,-7.5,-22.3,-29.4,28.1,7.5,-0.4,-7.1,-8.9,8.6,-52.7,3.3,1.6,-10.2,-70.8,117.1,116,5,-5.8,-2.6,-59.4,-107.9,-21.7,7.3,-2.9,-8.1,-59.4,-107.9,-21.7,7.3,-2.9,-8.1,25.3,5.4,-69.4,7.7,-1.6,-6.6,28.1,18,-25.9,5.9,-1.1,-7.2,-21.7,11.1,-21.5,6.8,-1.5,-7.1,1.7,-5.7,3.5,1
6.8,-1.5,-7.1,-2,-2.4,-3,6.5,-1.5,-7.4,-2,-2.4,-3,6.3,-1.3,-7.5,0.5,-1,-0.7,6.3,-1.3,-7.5,-47.3,-33.8,31,5.1,-1.5,-6.9,-47.3,-33.8,31,4.3,0.3,-15.7,33.4,161.9,52.6,3,-4.9,-2.1,-85.6,-114.5,1,6.4,-2,-8.7,0.3,3.5,-73.4,6.4,-2,-8.7,20,55.4,-17,5.9,0,-8.9,20,55.4,-17,1
6.5,-2.1,-8.1,20,55.4,-17,6.5,-2.1,-8.1,-10.8,-9.5,-5,6.5,-1.5,-7,-18.3,-14.2,-1.2,7,0.3,-7.1,-14.2,9.8,-50.1,4.6,0.4,-12,-42.3,111.6,97.6,5.2,-5,-3.6,-50.1,-113.7,-22.2,6.7,-1.4,-9.1,17.1,19.6,-66.8,6.6,-0.6,-7.2,6.3,34.2,-19.1,4.7,-1.4,-8.2,-14.1,11.9,9.6,4.7,-1.4,-8.2,0.6,-10.5,2.2,1
5.8,-1.5,-8,0.6,-10.5,2.2,5.6,-1.1,-7.8,-6.4,-11.5,0.1,6.5,-0.6,-7.7,-40.5,-11,-40.1,0.3,-0.9,-7,-88.9,19.8,133.3,6.1,-6.3,-4.7,-10.9,-91.3,-49.8,7.2,-2.5,-7.8,21.8,7.3,-59.6,5.8,-0.5,-7.6,-12.3,39.6,-37.9,5.7,-0.6,-7.8,-1.6,-12.1,16.7,6.6,-0.7,-7.4,3,-2.6,-1,6.2,-0.6,-8,-10.4,-8.7,16.6,1
5.3,-0.9,-8.1,-11.4,-20.7,5.9,5,-0.5,-8.8,-2.8,-1.1,-2.7,7.3,1.2,-14.5,65.5,164.4,-103,0.6,-4,-3.3,-142.5,-53.4,77.2,5.7,-5.5,-7.6,2.5,-47.3,-79.3,6.3,-1.4,-8.8,-1.5,38.9,-49.1,5.8,-0.7,-7.9,5,26.1,-17.4,6.3,-0.8,-8,0.9,-2.4,-6.5,6.4,-0.8,-7.3,6.5,-13,8.4,6,-0.6,-8,-4.8,-5.6,4.1,1
5.6,-1,-7.2,-21.2,-32.4,20.4,9.4,0.6,-12,-4.2,176.6,-91.1,1.3,-3.9,-1.9,-147.9,-89.8,65,7.3,-4.3,-7.3,9,-39.2,-59.2,7.3,-4.3,-7.3,-2.9,23.9,-44.3,6.2,-0.3,-8.4,-2.9,23.9,-44.3,5.9,0.2,-7.9,7.8,24.4,-18.9,5.9,0.2,-7.9,-11.6,16,-5.2,5.3,0.1,-8.8,-17.6,-43.2,17.9,5.2,-0.1,-8.7,-7.1,-13.4,14.4,1
4.7,-0.5,-8.7,0.2,-4.5,2.5,4.7,-0.5,-8.7,-1.3,-6.9,-4,4.7,-0.4,-8.2,-1.3,-6.9,-4,7.2,0.4,-11.2,6.2,115.2,-66,7.2,0.4,-11.2,-106.3,-16.5,100.7,0.1,-2.9,-6.1,-106.3,-16.5,100.7,0.1,-2.9,-6.1,-50.2,-66.7,-61.8,5.8,-6.5,-4,-50.2,-66.7,-61.8,5.8,-6.5,-4,12.2,0,-71.4,6.6,-2.5,-8.7,12.2,0,-71.4,1
5.8,0,-8.4,3.2,35.9,-26.2,5.5,-0.2,-7.7,-3.7,3.3,0.9,5.5,-0.2,-7.7,-11.5,-3.9,-23.5,6.3,0.2,-7.6,-11.5,-3.9,-23.5,4.5,1.5,-8.8,-15.1,-8.8,-2.5,4.5,1.5,-8.8,1.1,128.2,42.9,7.2,0.3,-14,1.1,128.2,42.9,1.6,-4.2,-1.7,-102.9,-107.1,31.9,8.7,-2.3,-9.6,10.9,-10.7,-121.2,6,0.7,-7.9,-2.4,22.5,-23,1
6.2,0.4,-7.4,-0.5,9.3,-1.4,6,0.3,-7.2,-32.1,-20.3,24.7,6,0.3,-7.2,19.1,112.8,-82,8.8,1.5,-8.8,19.1,112.8,-82,0.3,-2.1,-4.2,-109.7,-51.6,125.4,6.7,-5.1,-7.4,30.4,-64.7,-74.7,6.7,-5.1,-7.4,3.1,16.7,-44.1,6.6,-0.2,-9,3.1,16.7,-44.1,5.6,0.4,-8.1,-0.4,16.2,4.5,5.9,-0.7,-7.8,-1.6,-7.2,4.9,1
5.7,-0.4,-8,-5.6,-11.9,6.8,5.7,-0.4,-8,-6.3,-4.8,-19.4,5.1,-0.2,-7.2,-6.3,-4.8,-19.4,2.7,2.1,-11.5,-104.2,106.2,161,4.8,-4.6,-3.5,-30.6,-116.8,-48.9,6.5,-1.7,-9.3,22.4,23.1,-46.1,6.6,-0.4,-7.5,2.7,21.6,-12.3,6.8,-0.6,-7.5,-2.7,-4.5,-5.1,6.7,-0.3,-7.3,-1.2,-2.7,-3.4,6.7,-0.3,-7.3,-20.3,-12.7,4.2,1
6,-0.8,-7.8,-20.3,-12.7,4.2,5.2,-0.8,-8.4,-4.9,0.6,-8,8.2,0.1,-6.7,-3.1,62.9,-88.2,-0.2,-0.1,-6.3,-126.6,-10.2,172.5,6.8,-5.5,-6.6,-0.8,-71.4,-66.2,6.2,-1.5,-8.5,3,8.3,-40.7,6.5,-0.3,-7.7,3,8.3,-40.7,6.5,-0.3,-7.7,0.4,20.2,-17.2,6.5,-0.2,-7.4,0.4,20.2,-17.2,5.5,-0.5,-7.9,-28.9,0.8,-10.2,1
5.4,-0.1,-8.1,-3.7,-3.8,-0.5,5,-0.7,-7.6,-26,-34.7,21.1,9,0.1,-6.5,-6.1,90,-92.7,-0.3,-0.1,-6.5,-132.7,-21.6,159,6.5,-4.5,-7.3,-40.1,-43.7,-116.6,5.3,-0.1,-8.5,-5.3,49.6,-34.7,5.4,0.5,-8.3,-2.8,16,-1.9,5.5,-0.1,-7.8,-2.7,-8,1.1,5.5,-0.1,-7.8,0.1,-4.1,5.1,5.9,-0.3,-7.5,0.1,-4.1,5.1,1
3.5,-0.9,-12.5,29,57.5,70.3,2.3,-2.2,-8.9,64.1,15.4,-20.4,3.1,-2.1,-8.9,8.1,1.1,55.3,2.5,-0.5,-16.9,-74.5,24.2,68.8,-3.2,-5.4,-3.1,-30.4,-33.5,44.3,-1,-5.6,-1.5,59.1,10.4,5,1.5,0.4,-9.6,-54.9,6.4,14.6,1.5,0.4,-9.6,19.8,-2.7,75.3,2.9,-1.4,-8.2,19.8,-2.7,75.3,3.8,-1.3,-9.3,0.3,-0.3,-29.1,2
3.2,-0.4,-8.9,2,-2.6,-2.5,3.1,0.8,-9.4,0.3,1.5,-9.8,2.8,1.1,-10.2,0.1,-1.8,0,1.5,0,-9.5,-73.8,-17,104.2,-2.4,-6.1,-5.8,-8,-12.2,20.8,-2.1,-6.9,-7,8.3,1.5,-2.1,0.5,-3.4,-2.8,43.6,-8.3,-0.1,2.4,-0.6,-8.9,-26.7,15.1,-6.8,3.2,0,-9,4.6,2.2,11.4,2.8,-0.3,-9.6,-5.2,3,2.9,2
2.8,-0.3,-9.6,-5.3,4.9,-9.4,2.6,-0.1,-9.2,-5.3,4.9,-9.4,2.6,-0.1,-9.2,-24.8,3.7,14.3,1.5,0.4,-13.9,-24.8,3.7,14.3,1.5,0.4,-13.9,-59.4,-11.5,98.9,-1,-3,-7.1,-59.4,-11.5,98.9,-2.4,-7.5,-6.1,-1.4,-6.9,-12,-2.1,-6.7,-5.2,16.7,7.3,-2.9,1.9,0.1,1.8,59.4,-47,-68,3.7,-0.7,-9.1,-0.4,-1.6,-13.9,2
3.3,-0.3,-9.3,-5,3.7,-10.9,3.5,0.4,-8.9,-5,3.7,-10.9,3.5,0.4,-8.9,4.6,-0.2,-9.9,3.4,0.8,-9.4,0,-1.7,-4.9,3.3,1.2,-4.7,-72.7,-19.4,233.8,-1.9,-8.4,-5.6,9.2,-4.8,-10,0.3,-3.9,-4.2,69.3,-40.2,-67.3,0.3,-3.9,-4.2,-19.4,5.8,19.3,3,0.5,-8.2,-19.4,5.8,19.3,3.5,0.1,-9.2,0.2,0.5,-2.3,2
3.6,0.5,-9.1,3.5,-1.8,-3.8,3.2,-0.8,-13.4,-14,14.5,-5.6,-1.3,-4,0.2,-23.2,8.1,58.9,-2.3,-8.2,-5,-0.5,-0.4,-4.8,-2.7,-7.8,-5.2,1.8,0.3,-0.6,-2.6,-7.6,-5,6,2.2,-9.2,0.5,-3.4,-3.2,31,-30.7,-41.8,3.1,-0.5,-7.9,-15.6,10.6,4.3,3.6,-0.9,-9.1,6.3,7.5,-5.3,3.5,-0.4,-9.1,-1.6,0.9,-16.9,2
2.3,-1.1,-12.9,-44.7,16.6,65.5,-2.1,-5.6,-3.6,-10.1,-4,8.9,-2.5,-7.2,-6.6,-5.3,-1.5,4,-2.5,-7.2,-6.6,20.4,3,-2.7,-1.6,-6.1,-4.2,20.4,3,-2.7,6.7,-3.2,-21.3,53.3,-3.5,-154.6,3.6,-1,-9.3,11.8,-8.1,-9.4,3.5,-0.5,-9,2.7,1.5,-2.3,3.8,-0.2,-9.1,3.6,-2.3,-0.5,3.8,-0.2,-9.1,0.9,0,-2.1,2
3.8,-0.1,-9.1,0.9,0,-2.1,3.8,0.1,-9.1,0.9,0,-2.1,3.8,0.1,-9.1,1.5,-0.9,-2.5,3.9,0.4,-9,1.8,1.1,-6.8,4.2,0.6,-18.8,-170.5,22,171.7,-3.5,-8,-5,4.1,-8,-12.8,-1.7,-6.1,-3.8,27,1.3,-21.7,6.2,-2.8,-26.9,41.7,21,-70.7,2.9,-0.1,-9.3,-3,17,-20.7,2.4,-0.2,-9.5,-3,17,-20.7,2
2.4,-0.2,-9.5,-1.5,0,4,2.7,-0.2,-9.5,-1.4,-0.8,1.5,4.6,1,-13.7,-112.8,13.4,86.1,-2.9,-7.6,-5.7,20.5,-2.2,-25.5,-2.9,-7.6,-5.7,-10.8,-2,-9.1,-2.1,-6.5,-7.2,-10.8,-2,-9.1,-2.2,-6.1,-6.7,2.4,3.9,1.3,6,-4.7,-25.7,70.5,-43,-60.2,2.6,-1.6,-9.7,70.5,-43,-60.2,2.6,-1.6,-9.7,2.9,-8.1,-0.8,2
2.7,-0.7,-9.8,-5.9,21.3,-17.7,3.3,0.3,-9.5,8.4,-4.4,-1.5,3.1,1,-9.7,-2.2,-1,-2.1,2,1.8,-0.6,-88.2,8.5,137.8,-2.2,-7.4,-7.3,-0.9,-1.7,-1.6,-2.5,-6.8,-6.5,-0.7,-1.2,1.9,-2.3,-6.5,-5.8,6,1.3,-6.2,3.7,0,-23.9,16.5,-7.9,-172.5,3.2,-0.1,-9.2,-0.9,-3.8,-6.1,3.2,0,-9.2,-1.5,0.8,-7.2,2
3.2,0,-9.4,-1.4,-0.4,1.2,3.2,0.2,-9.3,-1.3,1,0.8,2.4,-0.4,-12.4,-19.1,10.3,-2.1,-1.2,-3.9,-1.5,-3.5,-0.5,46.8,-2.6,-6.7,-6.7,-4.4,0,4.9,-2.9,-6.5,-6.6,2.3,-0.2,-1.8,-0.8,-3.9,-4.1,65.6,2.5,-33.2,2.6,0.3,-9.4,-7.4,13.9,16.6,2.6,0.3,-9.4,3.6,2.3,-2.1,3.5,0,-9.5,3.6,2.3,-2.1,2
3.6,0.6,-9.1,4.1,-1,-5.3,3.7,0.8,-9.3,1.6,1.9,-4.6,3.3,1,-15.6,-101.7,5.9,107.4,-2.8,-6.7,-6.2,14.3,10.7,-19.7,-2.3,-6.7,-6.7,-1.5,2.8,-5.2,-2.4,-6.6,-6.7,7.7,2.7,-5,-2.4,-6.6,-6.7,97.5,-39.4,-59.9,1.8,-0.8,-1.5,97.5,-39.4,-59.9,3.3,0.6,-7,-0.6,-1.1,18,3.5,-0.1,-8.9,-2.5,13.9,-0.1,2
3.8,0.7,-9.4,8,5,-14.5,1.9,0.1,-18.9,-48.3,5.7,64.1,-1.4,-6.5,-3.2,0.2,-5.8,-16.5,-1.4,-6.5,-3.2,-3.2,-0.1,1.4,-1.6,-7.1,-6.6,-3.2,-0.1,1.4,-1.6,-7.3,-6.5,-3.8,5.5,-5.5,2.6,3.4,-4,146.3,-90,-364,4.3,0.2,-8.7,5.7,-8.2,2.4,3.9,0.3,-9,-1.4,-1.9,-2.3,4.2,0.4,-8.9,-1.4,-1.9,-2.3,2
4.2,0.4,-8.9,2.7,0.1,-3.7,4.2,0.4,-8.9,-2.5,2.2,-4.3,4.1,0.5,-9,-2.5,2.2,-4.3,3,-0.2,-20.6,-91.4,22.6,74.1,-2.1,-7.8,-4.4,2.7,2.8,-29,-2.2,-7.8,-5.5,-5.2,-0.7,-0.6,-1.8,-7,-4.9,12.8,0.9,-4.4,4.7,-4.4,-24,72.5,8.8,-147.3,3.7,-0.8,-9.9,10.2,-6.6,-27.5,3.7,0.1,-9.3,7.3,-4.3,0.6,2
3.7,0.3,-9.1,2.3,0.7,-12.9,3.8,0.4,-9.1,1.2,0.3,-6.6,3.8,0.5,-9.4,1,-1,1.1,5.1,1,-9.9,-125.9,-0.7,171.8,-1.9,-7.5,-7.6,3.9,-4.7,-6.6,-2,-7.1,-6.5,-1.7,2.6,-2.9,-2,-7.1,-6.5,3.9,1.4,-3.3,-2,-6.8,-6.6,3.9,1.4,-3.3,0.9,-3.2,-3.2,63.9,-6.3,-23.2,3.4,0.8,-9.1,-10.8,1.8,15.9,2
4.2,0.5,-9.2,-5.4,5,-9.4,4.1,0.8,-9,-1.7,-0.5,1.7,2.4,-0.3,-11.6,-14.8,22.7,-19.1,-1.5,-5.3,-1.4,-0.6,8.8,6.6,-1.5,-5.3,-1.4,3,3.2,0.1,-1.6,-6.8,-7,3,3.2,0.1,-1.5,-6.7,-7.1,-1.2,0.3,1.4,-0.8,-5.6,-6.2,29.7,0.7,-14.7,2.9,-1.3,-14.8,14.7,-2.1,-9.7,4.4,1.1,-8.6,5.6,-2,-6.8,2
4.3,1.4,-8.7,-4.6,2.5,-4.1,4.4,1.5,-8.7,1.2,2,-3.4,4.5,1.8,-8.6,0.9,-0.1,-1,5,2.5,-19,-119.7,-3.3,119.7,-2.3,-7,-5.9,14.9,27.3,-38.9,-2.2,-6.5,-6.7,-4,-3.7,-4.1,-2.2,-6.5,-6.7,24.5,2.3,-6.8,-0.9,-5.3,-5.3,24.5,2.3,-6.8,2,-0.2,-12.3,-8.6,8.9,27.7,4.9,0.4,-8.4,-0.8,3.1,-5.5,2
5,1.1,-8.4,2.6,-1.6,-5.4,4.9,1.2,-8.4,-3.5,1.1,-8.7,4,0,-15.1,-9.9,6.9,8.8,-0.4,-5.5,-2.2,-2.6,8,21.2,-1.1,-7.4,-6.1,-6.3,3.3,2.6,-1.5,-7.3,-6.3,2.2,-1.4,-2.8,2.2,0.6,0.3,74.6,-68.4,-111.2,4.3,0.8,-7.6,-6.8,-5.5,11.5,4.7,0.5,-8.4,-4.7,4.3,-1,4.7,0.8,-8.8,-0.1,-2.1,1.6,2
4.7,1,-8.6,5,0.6,-3.7,4.7,1.3,-8.6,1.7,0.8,-6.7,4,0.7,-20.1,1.7,0.8,-6.7,4,0.7,-20.1,-112.9,41.4,28.8,-1.7,-6.6,-3.8,-1.8,16,6.2,-1.8,-7.1,-6.4,0.4,-1.2,-0.4,-1.8,-7.1,-6.4,4.7,4.7,-4.6,-1.7,-6.7,-6.2,4.7,4.7,-4.6,-1.7,-6.7,-6.2,1,-61.5,-352.5,6.8,1.9,-22.1,1,-61.5,-352.5,2
4.2,-0.3,-8.9,-9.2,9.1,10.7,3.1,-0.3,-9.4,3.3,0.1,-15.2,3.7,0.3,-10,5.2,3.5,-9.8,2.1,-0.2,0.3,-73.7,-26.4,106.4,-1.5,-4.9,-9.3,-5.5,-3.5,11.8,-1.1,-4.3,-8.9,12.4,5.6,-19.3,6.4,2,-13.5,111.8,-76.5,-327.7,3.9,-0.2,-7.7,7,-6.4,15.6,3.8,-1.4,-8.8,4.2,-9.5,-22.4,3,0.1,-8.8,-23.8,25.4,-32.1,2
3,0.1,-8.8,-11,-0.2,2.2,3.5,0.1,-9,-11,-0.2,2.2,3.5,0.8,-9.2,0.3,-0.3,-11.8,1.7,0.1,-21.1,-9.7,46.1,-40.5,-2.1,-6.2,-4.7,2.6,5.7,-21.5,-2,-6,-6.7,-1.3,0.5,-5.2,2.2,0.3,-4.8,106.8,-36.3,-183.8,4,-0.3,-8.9,0.1,8.2,7,4,-0.3,-8.9,-5.2,6.8,-4.3,3.4,-0.5,-9.1,-5.2,6.8,-4.3,2
3.3,-0.4,-9.4,-1.7,2,-9.4,3.3,0.3,-9.2,2.4,-0.4,-14.5,2.1,0.4,-14.3,-11.9,24.4,-21.8,2.1,0.4,-14.3,0.7,0.9,24.2,-1.3,-4.3,-2,0.7,0.9,24.2,-2,-6.2,-7.2,3.7,2,2.4,-2.1,-6,-7,1.8,0.1,-2.6,2.8,-0.2,-1,125.9,-49.6,-41.2,2.8,-0.2,-1,-2,-10.7,21.7,3.6,-0.1,-8.6,-2,-10.7,21.7,2
3.8,-0.1,-9,-0.9,2,1.7,3.9,0.4,-8.9,1.3,2.2,-7.6,3.9,0.9,-9.2,-1.6,2,-3.4,5.1,2.5,-8.6,-147.3,-33.7,233.7,-2.5,-7.6,-6.9,3.1,-6.7,-3.3,-2.5,-6.9,-6.5,3.1,-6.7,-3.3,-2.5,-6.9,-6.5,3.1,1.2,-4.3,-2.5,-6.8,-6.5,0.5,1.2,-5,0.5,-4,-2.8,63,-26.5,-10.2,2.7,-0.6,-9.1,-8.1,-17,24.5,2
4,-0.1,-9.1,4.2,5.2,-9.3,3.7,0.4,-9.4,4.2,5.2,-9.3,3.7,0.4,-9.4,-1.9,4.5,-2.9,1.4,-0.9,-3.7,-45.7,-18,140.8,1.4,-0.9,-3.7,-7.1,-2.4,-0.9,-2.2,-7.2,-6.8,-7.1,-2.4,-0.9,-2.3,-6.9,-6.2,3.6,1.6,1,1.7,0.3,-1.6,82.9,-56.1,-151.2,4.2,0.3,-8.8,-2.1,1.5,2.4,3.8,0.1,-9.1,0.3,0.1,2.9,2
3.9,0.3,-9.1,-0.9,4.7,-11.3,2.3,-1.9,-19.6,-48.6,29.1,55.7,2.3,-1.9,-19.6,16.9,10.1,-6,-1.6,-6.7,-4.3,16.9,10.1,-6,-1.3,-7.1,-6.4,-0.3,2.9,-6.4,-1.3,-7,-6.6,-3.2,1,-0.3,0.9,-3.7,-4.7,61.1,-34.3,2.1,3.1,-0.7,-9.9,9,-5.7,19.8,4.3,0.2,-8.9,-23.8,14.7,-4.5,3.1,0,-9.4,6.9,4.8,-10.5,2
2.2,-0.4,-12.5,-1.4,25.8,-35.1,-1.5,-5.6,-0.2,-23.5,39.6,14.4,0,-6.6,-6.9,-8.7,-14.2,-7,-0.7,-6.1,-8.1,-2.9,-8.9,-2.2,-0.7,-6.1,-8.1,-1.6,-1.6,10.7,-0.9,-5.9,-7.6,-1.6,-1.6,10.7,0.6,-0.1,-2.3,80.7,-48.8,-199.3,4,-0.3,-8.7,-3.3,-15.2,10.7,3.3,-0.6,-9.2,27,-15.3,38.1,3.6,-0.1,-8.9,-4.9,6.6,-11.9,2
3.6,-0.1,-8.9,-36.1,32.6,-13.6,-1.4,-5.7,-4.5,-2.5,8.9,-0.6,-1.2,-6.2,-7.6,-1.2,-1.5,4.9,-1.2,-6.1,-7.5,-6.2,1.3,0.8,-1.2,-6.2,-7.6,-3.8,2,6.6,-1.2,-6.2,-7.6,132.4,-132.4,-305.2,3.2,2.9,-6.6,132.4,-132.4,-305.2,3.2,2.9,-6.6,-7.3,15.8,13.7,4.6,-0.3,-7.5,-7.3,15.8,13.7,5.1,0,-8.6,9.9,-9.1,-25.4,2
5,0.3,-8.5,0.3,2.6,-13.8,4.6,0.6,-8.6,-12.5,6.5,-4.9,4,-0.8,-12.1,-24.1,10.8,-0.3,4,-0.8,-12.1,-38.6,9.6,68.9,0.6,-3.9,-2.3,-38.6,9.6,68.9,-0.2,-8,-5.5,-1.4,2.4,4.5,-0.2,-8,-5.5,44.9,1.7,-53.4,0.9,-3.7,-3.2,44.9,1.7,-53.4,3.6,-0.3,-9.2,-7.1,-10.8,39.7,4.4,-0.4,-9.1,8.5,0.2,-5.3,2
4.4,0.2,-9,-1.6,1.2,-8.7,4.3,0.4,-8.8,1.5,-0.2,-5.5,4.2,0.2,-9.1,0,2.5,-3.3,1.8,-1.5,0.1,-24,-6.1,77.7,-1.1,-6.9,-6.7,1.1,1.9,4.7,-0.7,-6.8,-7.2,4.2,-3.5,3.6,3.8,1.7,-3.7,113,-134.2,-230.9,3.8,1.7,-3.7,0.2,-11.5,9.9,4.3,0.4,-6.5,-1.3,4.9,-7.2,4.7,0.2,-8.5,-1.3,4.9,-7.2,2
4.8,0.6,-8.6,1.5,1.8,-6.4,4.8,0.8,-8.6,1.8,-0.6,0.5,4.3,0.2,-9.9,-9.5,11.8,-5.5,0.6,-4,-0.8,-9.5,11.8,-5.5,0.6,-4,-0.8,-22,10.3,38.8,0.1,-7.4,-7.2,-6.6,13.1,2.2,0,-6.8,-6.7,5.2,0,3.9,2.1,-1.2,-1.8,5.2,0,3.9,2.1,-1.2,-1.8,83.2,-3.6,-64.8,3.8,-0.4,-10.2,6.8,-21.3,-4.6,2
3.1,0.1,-9.6,-7.3,-32.8,16.8,3.1,0.1,-9.6,-43.6,39.1,35.9,-2.1,-6,-5.2,70.4,-5.4,-1.9,-2.1,-6,-5.2,31.9,-8,4,0.4,-5.4,-8.6,31.9,-8,4,0.6,-4.8,-8.8,-17.6,11,10.3,0.9,-6.3,-7.7,-5.9,-1.3,5,2.7,-5.1,-19.7,79.1,-48.6,101.4,3.5,-0.8,-10.5,2.9,-2.3,-21.6,3.3,-0.2,-10.4,8.1,-5.3,-4.1,2
1.7,-0.6,-16.2,13.3,20.9,-10.2,1.7,-0.6,-16.2,-5.7,4.3,-12.4,-0.7,-6,-3.5,-5.7,4.3,-12.4,-0.7,-6,-3.5,-0.5,7.4,-12.6,-0.2,-5.2,-8.3,-0.5,7.4,-12.6,-0.2,-5.2,-8.3,-5.5,0.7,5.1,-0.8,-5.7,-8.4,-5.5,0.7,5.1,-0.4,-4.6,-5.8,13.9,-2.1,14.9,1.3,-1.7,-10.6,-21.7,28.2,-40.5,4.6,-0.6,-8.8,-3.4,5.1,12.2,2
4.6,-0.6,-8.8,-13.9,11.1,-20.6,4.4,-0.2,-8.8,-13.9,11.1,-20.6,3.3,-0.2,-15.4,-47.3,6,44.1,-1.1,-5.1,-4.3,7.5,7.7,-13,-0.9,-6.1,-8,-3.3,2.3,3.8,-0.9,-6.1,-7.3,6.9,5.6,-3.3,2.5,-0.9,-2.1,6.9,5.6,-3.3,2.5,-0.9,-2.1,81.7,-86.2,-81.3,5,0.4,-7.8,5.8,-17.9,14.2,5.1,0.3,-8.5,-4.3,0.7,-3.8,2
5.1,0.4,-8.5,3.9,0.8,-10.8,5.2,0.7,-8.4,-0.2,1.6,-3,5.2,0.7,-8.4,-3.8,-1.8,6.2,4.9,0.8,-8.7,-3.8,-1.8,6.2,3.8,0.4,-5.3,-74.8,-13.3,169.2,-0.7,-6.8,-7.5,-1.1,1,-7.3,-0.5,-6.4,-7.2,5.3,-0.2,0.2,0.1,-5.7,-6.2,18.6,1.1,-8.7,7.5,-1.9,-20.8,168.6,-64.8,2.2,5.5,-0.1,-8,1.7,-1.9,-9.1,2
5.3,0.5,-8.2,-0.7,0,-11.6,5.2,1.1,-8.5,-3.1,3.4,-6.4,5.2,1.1,-8.5,-12.8,-1.6,19.7,4.5,-0.1,-12.2,-12.8,-1.6,19.7,1,-4.5,-1.5,-30,9.1,5.5,-0.3,-7.2,-6.8,-30,9.1,5.5,-0.3,-7.2,-6.8,1.7,2.7,6.5,-0.2,-6.9,-6.3,1.5,-0.8,-8,4.8,1.5,-2.4,107.9,-133.5,-179.1,4.9,0.7,-6.8,8.4,-17.6,-9.9,2
5.4,0.7,-8.2,-7,6.4,-5.7,5.4,0.7,-8.2,3.2,1.4,-7.1,5.3,1.6,-8.5,3.2,1.4,-7.1,5.1,1.6,-8.3,-11.6,2.4,19,1.8,-1.1,-0.3,-26,16,124.2,-0.1,-7.3,-6.5,-26,16,124.2,-0.1,-7.3,-6.5,2.1,1.6,-8,-0.5,-7.2,-6.3,1.7,-0.8,5.2,2.6,0.2,-2,83.9,-53.4,-59.6,4.7,1.1,-7.5,10.8,-15.6,6.5,2
4.9,1,-8.6,3.4,5.4,-12.6,5.1,1.2,-8.4,3.4,5.4,-12.6,5.1,1.2,-8.4,0.9,1.4,-4.9,4.3,0.6,-10.4,0.9,1.4,-4.9,4.3,0.6,-10.4,-17.7,8.2,-16.9,0.8,-3,-1.7,-20.3,6.5,63.2,-0.8,-7,-7.9,4.6,3.6,-2.5,-0.4,-6.4,-6.7,6.6,0.9,-2.9,5.9,4.8,-13.1,81.8,-47.9,-260.2,4.6,-0.1,-7.2,6.6,-13.7,10.5,2
4.1,-0.2,-8.8,6.6,-13.7,10.5,4.1,-0.2,-8.8,-5.3,0.1,-10.3,3.9,0.4,-9,-0.2,-2,-13.6,2.6,-1.1,-13.8,-16.7,25.1,-27.2,0.9,-5.7,-1.5,-3.9,-2.2,-9,0,-7.6,-6,2.4,0.2,-7.3,0,-6.8,-6.7,13.3,2.7,-16,2.3,0.6,-4.3,128.7,-33.4,-225.3,3.6,0.6,-7.2,0.6,-2.8,3,4.2,0.7,-9,15,-2.8,-1.2,2
4.3,1,-8.7,0.5,1,-5.5,2.6,-1.1,-17.3,-46.3,32.7,-19.7,-1.1,-4.8,-2.3,18.2,-13,30.3,-1.9,-7.4,-5.7,0.3,8.1,4.1,-1.9,-7.4,-6,4.2,1.6,-16,1,-1.6,-2.5,94.6,-10.1,-82.8,3.9,1.1,-6.8,-16.5,6.4,38.9,3.7,-2.1,-9.3,11,-8.2,0.4,4,-0.8,-8.7,2.3,0.1,-7.8,4.2,-0.2,-8.9,-0.6,-0.1,-4.4,2
4.2,0.3,-8.9,-0.4,3.3,-11.8,3.8,0.5,-9.9,-3.5,-0.3,-0.7,2.4,-1.3,-3.9,-68.3,10.2,125.7,-0.3,-6.9,-7.5,6.4,0.6,-11.3,-0.3,-6.5,-7.3,-0.2,-0.9,-5.4,0.1,-6.1,-6.8,10,2.9,-5,3.1,1.6,-1.8,32.1,-78,-58.4,3.2,0.7,-9.8,-12.5,18.7,-4.1,3.2,-0.1,-9.5,2.7,0.1,-0.2,3.4,0.3,-9.5,2.6,3.3,3.6,2
3.2,-0.4,-8.8,4.6,-11.7,8.9,3.2,0.6,-9.6,1.5,-1.4,-16,1.6,0.1,-15,-7.3,-2.9,-2.5,1.6,0.1,-15,22.8,6.1,22.6,-0.5,-5,-2.5,22.8,6.1,22.6,-0.5,-5,-2.5,-7.2,-1.6,4.5,-0.2,-6.6,-7.3,-7.2,-1.6,4.5,-0.3,-6.1,-6.9,18,3.2,-10.1,4.4,-0.5,-15.4,-8.1,-57.2,-314.9,4.5,-0.2,-6.7,9.8,-8.3,51.1,2
4.5,-0.2,-8.5,-12.8,7,-26.1,4.2,0.9,-8.9,-0.3,1.7,-3.2,5.2,1.6,-16.2,-99.2,17.8,138.5,-0.3,-7.7,-6.7,15.7,-14.8,-22.4,0.1,-6.9,-6.7,-0.9,-2.9,-8,0.2,-6.5,-7.4,1.9,-1,-4,0.4,-5.6,-7.4,13.1,-0.9,-16.4,9.6,-0.1,-20.8,65.3,-48.7,-54.4,5.2,0.9,-8.4,0.8,-6.5,-13.8,5.2,0.9,-8.4,-0.4,-0.1,-14.1,2
5,1.2,-8.3,-0.4,-0.1,-14.1,4.9,1.5,-8.4,-3.3,0.7,-7.5,5.8,3.1,-9.5,-3.3,0.7,-7.5,5.8,3.1,-9.5,-106.3,-1.3,258.1,-0.5,-8,-6.7,3.6,-2.2,-19.5,-0.6,-7.1,-6.4,-0.7,2.3,0.6,-0.3,-6.3,-6.5,11,6.4,-21.6,2.7,1.2,-14,54.1,-78.6,-240.9,4.6,0.9,-8.5,13.7,-12,2.3,4.7,1,-8.5,-0.5,5.2,0.7,2
4.7,1,-8.5,0.1,-2,-7.2,4.7,1.2,-8.7,0.1,-2,-7.2,4.5,1.4,-9.8,-99.5,-2.4,171.5,-0.4,-6.4,-8,15.2,-4.1,-6.1,-0.7,-5.8,-7.7,8.9,-1,5.1,0,-5.3,-7.1,16,-0.5,-6.4,5,-1.6,-18.7,79,-32,-113.8,4.4,-0.3,-8.3,10.6,-4.2,-24.1,4.3,0,-8.7,0.4,3.8,11.3,4.6,0.2,-8.7,8.3,-2.9,-2.6,2
4.7,0.6,-8.7,-0.8,0.6,0.1,4.7,0.6,-8.7,-112.4,27.1,170.1,4.9,1.5,-7.2,-112.4,27.1,170.1,0.5,-7.5,-7.1,-0.9,3.9,-18.9,0.4,-6.4,-7.5,-0.8,8.5,-2.4,0.9,-6.4,-7.5,1.7,5.5,-9.1,10.7,-1.2,-24.6,-3.5,-75,-265.2,5.2,0.1,-7.4,19.3,-32.3,7,5.4,0.9,-8.2,-5.2,4.9,-2.3,5.4,1.2,-8.2,-3.5,3.2,-6.9,2
5.4,1.2,-8.2,-52.9,23,44.4,4.6,-0.2,-15.7,-52.9,23,44.4,0,-5.8,-3.1,-0.7,17.8,-22,0,-6.2,-7.3,-2.1,1.3,2.5,0.3,-6.2,-7.6,-1.2,-0.8,-0.5,0.2,-6.1,-7.6,4,3.1,-1.6,2.5,-2.2,-3.7,51.8,-13.1,-4.4,2.5,-2.2,-3.7,3.8,-14.9,22.8,4.4,0.7,-8.9,3.8,-14.9,22.8,4.9,0.7,-8.5,-2,6.9,-13.3,2
5,1.3,-8.4,-0.2,-1.8,-5,4.9,1.5,-8.3,-3.6,-1.5,-6.1,4.6,1.9,-8.4,-2.1,2.7,-6.4,4.5,1.6,-7.5,-103.6,10.5,166.1,0.2,-7.4,-8,4.3,-7.1,-29.2,0.2,-7.4,-8,4.4,-2.2,-7.2,0.3,-6.7,-7,4.4,-2.2,-7.2,1.4,-4.9,-6.2,36.5,-5.3,-24.1,4,-2,-14.2,22,-12.7,-16.2,5.2,0.7,-8.8,1.9,-5.1,-10.9,2
4.7,1.1,-8.6,-2.4,1,-9.1,4.8,1.6,-8.2,-4,4.4,1.1,4.8,1.6,-8.2,-7.6,5,4,4.5,1.2,-9.5,-7.6,5,4,2.3,-0.8,-2.1,-7.6,5,4,2.3,-0.8,-2.1,-41.9,-9.5,150.7,0.7,-7,-7.8,2.3,5.2,-8.2,0.7,-6.4,-7.3,-2.9,1.2,-1.5,0.9,-6.1,-7,4.5,3.2,-7.7,6.4,0.9,-15.4,12.6,-42,-223.7,2
6.4,0.9,-15.4,1.3,-8.8,-0.8,4.7,0.7,-7.2,1.3,-8.8,-0.8,5,1.2,-8.5,1.3,-8.8,-0.8,5,1.2,-8.5,-2.9,1.1,0,4.2,0.1,-18,-68.5,10.9,94.6,0,-6.6,-5.9,6.9,5.9,-36.3,0,-6.6,-5.9,-1.8,-0.2,1.4,0.5,-6.1,-7.7,-1.8,-0.2,1.4,1,-6.2,-7.3,4.5,4.4,-6.2,3,0.1,-3.8,49.5,-34.5,-70.7,2
5,1.7,-7.5,-6.6,-2.2,41.9,5,1.7,-7.5,-2.7,6,-8,4.8,0.7,-8.8,-2.7,6,-8,4.3,0.9,-8.2,-8.4,2.1,17.9,1.9,-1.6,-1.4,-34.2,-3.2,94.7,0.1,-6.3,-7.9,0.6,2.1,0.7,3.3,0.9,-2.6,32.6,-50.8,-43.7,4.7,1.8,-6.3,-16,6.6,35,4.4,0.2,-8.9,1.2,-0.7,3.9,4.4,0.2,-8.9,-1.1,3.9,-9.8,2
4.5,0.4,-8.8,-1.1,3.9,-9.8,4.5,0.7,-8.9,-1.1,3.9,-9.8,4.5,0.7,-8.9,1.5,0,-4,4.5,1.5,-19.4,-121.7,4.7,141.2,-0.1,-8.6,-7.1,0.5,-6.7,-34.7,0.6,-6.7,-6.9,0.9,-0.7,-8.9,0.8,-6.3,-7.4,1.6,2.3,-2,7.7,3.4,-16.9,59.5,-55.2,-263.7,4.2,0.4,-7.7,-1.3,-8.3,-16.9,4.9,0.7,-8.4,-1.5,-2.3,-6.9,2
4.7,0.8,-8.8,-0.2,0.1,-5.7,4.7,1.1,-8.5,-0.5,-0.4,-2.5,4.5,1.1,-8.9,-2.1,-0.9,2.4,2,-0.8,-2,-38.2,-18,102.1,0.1,-5.9,-8.3,-38.2,-18,102.1,0.1,-5.9,-8.3,10.7,9,-9.4,0,-5.4,-7.1,23.5,2,3.6,0,-5.4,-7.1,24.1,-0.1,-48.1,4.9,-2.7,-17.5,24.1,-0.1,-48.1,4.9,-2.7,-17.5,-4.2,20,-1.7,2
4,0,-8.5,-4.2,20,-1.7,4.3,0.3,-9.2,-1.1,0.1,-8,4.4,-0.7,-3.9,-89.4,-23.9,141.1,0.1,-5.6,-8.6,6.4,5.2,-23.7,0.1,-5.6,-8.6,-6.7,5.6,-1.4,1,-4.4,-6.4,24,-9.8,6.6,2.3,-2.7,-14.2,-5.7,19.1,-24,4.7,-0.3,-8.7,5.8,-0.9,0.1,4.7,0.4,-8.9,-8,6.6,-5.7,4.6,0.9,-8.7,-0.3,-3,0,2
4.4,1.3,-8.8,-1.6,0.2,-4.2,4.5,1.4,-9.1,-0.5,-2.9,0.4,4.2,0.6,-6.1,-65.4,-21,154.7,-0.2,-5.5,-8.5,9.8,-1.1,4.2,-0.3,-5.7,-8,-1.9,0,1.2,-0.5,-5.6,-8.1,-5.3,-3.1,5,2.9,0.7,-2.5,35.4,-57.7,-143.1,5.6,0.7,-7.9,20.9,0.7,-8.3,5.6,0.7,-7.9,3.7,1.6,-7.3,5.1,1,-8,3.7,1.6,-7.3,2
5.5,1.5,-8,1.7,-1.6,1.7,5.3,1.8,-8.1,-1.1,-0.8,-3.7,4.8,1.9,-10,-5.5,-2.3,14.8,1.7,-2.4,-2,-23.6,7.2,62.2,-0.2,-6.2,-8.3,1.6,3.3,9.4,0.1,-6.2,-7.3,-1,0.8,-2.3,3.5,1.1,-3.9,49.3,-31.9,-79.1,5,1.4,-6.8,-17.6,1.4,-21.9,5.1,0.8,-8,-4.7,7,-5.6,5.1,0.8,-8,2.6,0.6,-1.7,2
5.2,1,-8.2,2.6,0.6,-1.7,5.1,1.5,-8.2,0.1,0.9,-5,4.9,1.4,-17,-81.3,27.1,82.2,0.4,-5.9,-7.7,0,11,-28.7,0.3,-5.8,-7.4,-9.6,-0.6,7.1,0.5,-5.8,-7.5,-2,-1,3.1,4.8,2.9,-4.8,97.1,-93.1,-170,4.6,1.9,-7.1,13.1,-7.7,-19.7,4.9,2.4,-8,1.7,3.3,-6.1,5,2.5,-8,0.1,1.4,-5.2,2
5,2.7,-8,-1.6,0.2,-5.8,5,2.7,-8,3.3,1.2,-4.8,5,2.9,-8,3.3,1.2,-4.8,5.2,3.3,-18.7,-128.1,3.7,123.2,-0.7,-5.1,-7.1,33.1,17.4,-25.1,0.1,-4.8,-8.4,6.2,0.6,2.2,-0.2,-4.7,-8.4,6.2,0.6,2.2,-0.2,-4.7,-8.4,-6.1,5.4,-1.1,2.7,-0.8,-1.6,123.1,-43.2,-50.8,4.6,1.1,-7.9,5.5,-20.8,21.2,2
5,0.5,-8.6,5.5,-20.8,21.2,5,0.5,-8.6,-0.1,-1.5,-4,3.9,0,-13.2,-9.2,21.9,4.9,1,-4.4,-2.8,1.9,16.3,-25.7,0.3,-5.8,-7.5,6.3,1.2,5.7,0.5,-6.1,-7.6,6.3,1.2,5.7,0.5,-6.1,-7.6,1.7,-1.9,-0.1,3.4,-0.8,-3.2,66.2,-64.8,-52.5,4.8,2.3,-7,-21.6,10.6,17.9,4.8,2.3,-7,-6.3,4.4,-2.6,2
4.8,1.4,-8.6,-6.3,4.4,-2.6,4.9,1.9,-8.2,0.9,3,-7.2,4.9,1.9,-8.2,-123.2,4.9,170.7,5.7,2.7,-14.3,-123.2,4.9,170.7,-0.1,-6.8,-8.4,13.6,1.2,-28.4,0.5,-6,-7.8,-2.2,-0.3,-5.2,0.5,-5.7,-8.1,1.3,0.4,-0.1,5.5,2.5,-8.9,86.2,-90.2,-202.8,5.5,2.5,-8.9,12.1,-10,-5.6,4.9,1.5,-6.8,12.1,-10,-5.6,2
5,1.8,-8.3,-4.3,2.7,2,5,1.8,-8.3,-2.7,-1.4,0.8,4.8,1.8,-8.9,-2.7,-1.4,0.8,4.6,0.5,-17.9,-71.4,21.7,76.1,0.4,-7.8,-6,-11.1,-0.6,-51.4,1.2,-6.8,-6.8,-0.6,1.7,-13.2,1.3,-6.4,-7.2,-0.4,0.8,-2.6,1.9,-5.8,-6.6,16.4,-1.4,-6.7,7.4,-4.3,-21.1,55.7,-16,-4.7,5.1,-1.5,-7.6,-25.7,15.2,-9.3,2
5,0.6,-8.5,3.6,-4,-27.3,4.9,1.6,-8.4,-3.5,3.3,-8.8,4.8,1.9,-8.3,0.1,-2.6,-7.1,7.8,5,-2.5,-46.9,-27.9,260.7,0.7,-6.2,-8.8,12.6,0.4,-11.2,0.6,-5.8,-7.9,2.6,1.5,-6.9,0.4,-5.5,-8.3,-3.1,1.6,3,1.4,-3.3,-5,36.9,-11.1,-10.4,3.7,0.4,-11.6,36.9,-11.1,-10.4,3.7,0.4,-11.6,3.1,-4.7,26.8,2
5.3,1.2,-8.7,-4,15.3,-12.5,5.1,2.1,-8.1,-2.4,3.9,-5.2,4.3,1.7,-10.8,-11.3,7.9,-4.4,1.4,-3.8,-2,19,22.7,29.5,0.1,-5.4,-8.1,-4.3,1.3,5.8,-0.1,-5.3,-8.1,3.3,0.9,-4.1,0.5,-4.5,-6.7,19.4,0,1,9.8,2.6,-20.4,149.2,-70.3,-26.4,5.2,1.2,-7.8,9.2,-10.8,-10.9,5.2,1,-7.8,9.2,-10.8,-10.9,2
5.2,1,-7.8,35.7,-2.2,-38.6,5.4,2.7,-7.7,-0.9,6.4,-5,9,6.6,-5.5,-87.3,5.8,329.3,-0.4,-7.1,-8.3,2.2,24.6,-31.3,-0.4,-7.1,-8.3,-0.8,-4.7,-5,-1.5,-5.7,-7.7,-0.8,-4.7,-5,-1.3,-5.5,-7.1,6.4,6.5,-3.8,4.9,3.9,-21.1,87.6,-31.2,-52.8,3.5,3.3,-8.7,-21.1,33.3,-19.3,3.9,3.3,-8.6,3.1,6.5,-11.9,2
4.1,3.4,-8.2,-2,3.2,-10.2,3.5,1.6,-0.8,0.4,-0.4,172.4,1.1,-5.7,-8.7,-10.2,5.7,-5.1,0.1,-5.5,-7.5,-0.4,3.1,-2.9,0,-5.4,-8.2,-4,0.6,0.7,1.9,-3.1,-4.1,-4,0.6,0.7,1.9,-3.1,-4.1,45.1,-16.6,23.6,1.9,-3.1,-4.1,5.6,-28.6,209.1,4,1.7,-7.8,5.6,-28.6,209.1,5.6,-0.1,-8.4,15.1,-4.4,9,2
5.6,1.4,-7.9,-1.8,3.5,-12.8,5.4,1.9,-7.9,-0.7,0.6,-4,5.6,2.3,-7.8,-0.1,-0.3,-7.5,5.6,2.3,-7.8,0,0,-3.9,1.8,1.6,3.4,5.7,-19.8,135.3,-0.2,-6,-8,-4.9,6.4,16.3,0.6,-5.7,-7,14.3,-1,-4.6,7.5,6.4,-21.3,-29.7,-79.6,-301.7,5.6,1.5,-6.6,22,0.5,41.8,5.8,2,-7.6,-5.4,0.7,-12.5,2
5.9,2.4,-7.6,0.5,2.1,-4,5.9,2.4,-7.5,1.9,2.5,-11.9,8.4,5.5,-12.6,-142.2,-23.2,236.3,0.1,-6.4,-9,8.8,-1.5,-23.2,0.1,-5.5,-8.1,-2.3,-5.1,-8.5,0.1,-5.2,-8.1,-1.7,-0.1,-0.7,0.1,-5.2,-8.1,75.1,-14.2,-24.5,2.8,-2.4,-3.6,75.1,-14.2,-24.5,5,2.5,-7.2,1.5,-7.5,72.1,6,2.3,-7.6,-6.5,4.8,-11.8,2
6,2.9,-7.2,0.4,-1.8,-9.5,6.2,3.3,-6.9,0.1,0.3,-1.2,7.7,4.5,-18.4,-137,-16.2,170.6,-0.2,-5.5,-7.4,8.4,4.8,-13.6,0.1,-4.9,-8.3,2,4.7,1.7,-0.2,-4.6,-8.5,7.9,4.6,-1.7,-0.2,-4.6,-8.5,21.3,7.4,-4.8,-0.2,-4.7,-7.3,21.3,7.4,-4.8,5,-1.3,-19.9,42.2,-25.3,30,5,2.4,-8.1,-0.9,-5.9,-16.8,2
5.3,2.9,-7.9,8.4,-2.1,-3.3,5.3,2.9,-7.9,-4.7,4.2,-6.7,5.3,3,-7.7,-4.7,4.2,-6.7,5.3,3.2,-7.8,0,-3.5,1,6,2.3,-3.8,-107.3,-10.2,164.8,-0.3,-5.5,-8.5,-7.4,4,-12.6,-1.2,-4.5,-8.8,0.7,8.8,-15,-1,-4.8,-8.9,-2.8,-4.4,1.1,-0.7,-4.8,-6.9,28.7,0.8,15.5,0.2,-1,-19,54.5,-13.4,-1.4,2
3.6,1.6,-8.7,-3.4,-10.6,9.7,3.3,1.5,-8.7,-8.8,6.2,-0.3,3.7,2.3,-9.2,3,0.1,-6.4,2.3,0.9,-20.2,3,0.1,-6.4,2.3,0.9,-20.2,-85.7,48.2,60.3,-1.5,-5,-6.8,-85.7,48.2,60.3,-1.5,-5,-6.8,7.8,1.9,-6.1,-1.3,-5.2,-8.1,-3.8,-0.5,-1.1,-1.2,-5.1,-8,3.3,1.5,-1.4,0.9,-2.5,-3.9,60.3,-22.3,4.2,2
4,1.2,-9.8,8.1,-11.9,60.4,4.5,1.7,-8.8,2.4,0.8,4,4.8,2,-8.6,6.9,-2,-6.4,4.8,2.3,-8.1,-4.5,2.6,-7.6,4.9,2.6,-8,-1.3,0.6,-2.3,7.7,4.3,-11.1,-157.8,-36.2,267.1,-1.5,-7.3,-7.6,0.3,-10.1,-18.3,-1.7,-6.3,-7.1,5,3.1,-5.7,-0.4,-4.7,-6.5,31.3,-4.6,-17,2.6,-0.2,-16.4,30.5,0,0.5,2
4.6,1.4,-9,4.5,3.1,-3.7,4.7,2.2,-8.4,1.8,-1.8,-12.5,4.8,2.6,-8.1,4.3,-1.1,-1.6,4.2,2.4,-10.5,4.3,-1.1,-1.6,4.2,2.4,-10.5,-8.6,5.4,-3.1,0.5,-1.9,-1.2,-40,19.3,53.4,-0.6,-5.9,-8.2,-5.9,0.6,-3.6,-0.7,-5.6,-7.6,3.9,1.5,-1.1,1.7,-2.4,-3.1,56.6,-13.3,8.7,4.4,1.8,-8.8,1,2.6,34.5,2
6.1,2.6,-8.2,7.8,-0.5,-3.4,5.5,3.1,-7.4,0.2,-0.1,-8.3,5.2,2.4,-19.9,-105.2,41.8,87.8,-1.8,-4.8,-7.7,18.4,-0.9,6.4,-1.2,-4.8,-8.4,-3.2,8.4,6.2,-1.2,-4.8,-8.5,5.5,-1.2,-0.3,0.2,-3.7,-5.8,40.4,-12.5,-33.6,4.2,2.2,-14,-37.7,-2,134.1,4.2,2.8,-9.8,9.7,-5.5,-16.6,3.7,3.6,-8.3,-3.9,10.6,-17.7,2
3.9,3.6,-8.2,1,4.6,-5.8,3.9,3.6,-8.2,-61.9,8.1,402.6,6.5,7.4,-7.7,-61.9,8.1,402.6,6.5,7.4,-7.7,-1.1,0.8,-15.6,-1.2,-7.5,-7.7,-1.1,0.8,-15.6,-0.1,-6.1,-7.9,1.3,-2.8,0.3,0.3,-5.8,-7.3,5.1,-1.8,2.5,5.4,1.6,-25.3,5.1,-1.8,2.5,5.4,1.6,-25.3,-4.8,30.8,-277.5,5.4,1.6,-25.3,0.2,-4.3,-20.3,2
3.8,2.4,-8.9,0.2,-4.3,-20.3,3.6,2.8,-8.6,2.9,1.5,-6.9,3.3,2,-22.6,-76.2,39.1,90.5,-1.2,-7,-7.7,-76.2,39.1,90.5,-1.2,-7,-7.7,-0.2,8.1,-44.3,-0.6,-6.1,-7.7,-4.6,1.6,-7.7,-0.6,-5.8,-8.1,1.2,1.5,-5.6,2.6,1.4,-1.5,21.9,-51,-73.7,4,1.2,-8,-5,1.9,26.6,4.2,0.7,-8.8,3.3,-2,-14.5,2
3.7,1,-8.8,-14.5,-0.4,-1.8,0.6,-0.1,-24.2,-64.8,28.4,29.3,-1.7,-6.4,-8.8,11.2,3,-33,-0.9,-5.1,-8.3,0.8,4.2,-4,-1.2,-5,-8.4,-8.4,-0.9,-1.9,1.5,-0.6,-2.9,23.3,-32.2,12.8,2.7,1.6,-8.8,-23.1,-14.3,23,3.2,2.1,-9.6,-1.3,0.2,-3.1,3.4,2.1,-8.9,-2.1,4.7,5,3.3,2.3,-8.9,-0.1,2.7,-5,2
3.3,2.3,-8.9,-4.7,-1,10.5,3.3,2.3,-9.5,-4.7,-1,10.5,1.5,-0.6,0.5,-41.9,13.3,82.3,-0.4,-5.9,-7.9,-4.4,-2.5,-1.7,-0.4,-5.9,-7.9,-1.2,2.2,3.6,-0.8,-6,-7.7,-1.2,2.2,3.6,-0.9,-5.8,-7.4,3.6,1.8,-0.7,5.4,6.3,-15.4,170,-54.9,-365.6,4,1.2,-7.1,-1.3,-3.4,-20.3,3.9,1.5,-8.7,-1.3,-3.4,-20.3,2
3.9,1.5,-8.7,-1.7,2.9,-7.6,4.1,2.1,-8.7,0.8,-1,4,4.1,2.1,-8.7,-32.6,16.8,-8.7,2.7,-0.1,-16.6,-32.6,16.8,-8.7,-0.2,-5,-4.1,-3.9,13.5,-31.6,-0.8,-6.3,-7.3,-9.3,-0.3,6.2,-0.8,-6.3,-7.3,2.6,3.4,-6.4,-0.8,-6,-7.3,2.6,3.4,-6.4,-0.8,-6,-7.3,24.8,-7.3,-6.9,0.5,-3.3,-4.5,24.8,-7.3,-6.9,2
3.7,0.8,-11,-12.8,-11.5,76.8,4.3,1.5,-9.2,-12.8,-11.5,76.8,4,2.2,-8.6,-3.3,0.1,-7.8,5.8,3.3,-7.7,-107.7,13.6,209.3,-0.6,-5.8,-9,4.7,-3,-15.4,-0.7,-5.2,-8.2,-2.7,-0.1,-3.8,0.8,-4,-6.7,22.1,-7.3,-26.3,2.2,-0.2,-14,-12.5,-23.3,45.5,3.7,1.6,-10,16.4,-11.1,-14.5,4,2.5,-8.8,0,2.5,-10.1,2
4,2.6,-8.6,-1.4,0.9,-5,4,3,-8.5,-0.3,2.2,-7.8,2.5,0.5,-18.4,-14.4,3.8,5.5,-1.6,-5.4,-6.7,12.4,12.4,-21.1,-0.8,-5.4,-7.7,-7.9,1.6,1.2,-0.5,-5.2,-7.7,9,-1.3,-7.7,-0.5,-5.2,-7.7,76.7,-36.4,-281.9,4.4,2.8,-29,76.7,-36.4,-281.9,3.5,2.2,-9.1,7.2,-15.8,-10.1,3.3,2.2,-8.7,7.5,8.5,-7.2,2
3.4,2.6,-8.9,0.6,2.5,-0.9,3.1,2.4,-9.5,-3,5.9,-6.1,0.5,-3.1,-0.7,-20.1,21.8,8,-1.2,-6.5,-7,-11.9,5.8,-13.7,-1.1,-6.1,-7.6,0.9,-0.5,-3.6,-1.1,-6.1,-7.6,16.7,-1.3,-15.2,-0.6,-5.5,-7.4,16.7,-1.3,-15.2,3.6,2.5,-21.8,-4.4,-57.1,-416.7,3.3,1.6,-8.9,-7.8,6.2,-13.5,3.2,1.3,-9.2,-5.4,13.4,-9.4,2
3.3,1.2,-9.3,-4,4.4,-8.5,3.3,1.2,-9.3,-54,-3.8,267.1,5.9,2.6,-14.9,-54,-3.8,267.1,-1.7,-7.6,-7.9,14.1,-0.1,-41.4,-1.6,-6.4,-7.3,14.1,-0.1,-41.4,-1.6,-6.2,-7.6,0.9,0.2,-2.6,-1.3,-5.8,-7.2,2.3,-4.5,-3.3,6.2,4.5,-15.9,75.2,-59.5,-310,3.8,2.4,-8.1,-0.8,-3.2,-10.3,5.9,1.2,-8.3,43.1,27.9,36.9,2
3.8,0.7,-10.9,43.1,27.9,36.9,3.8,0.7,-10.9,-64.6,-79.7,-54.3,0.1,4.4,-20.1,-64.6,-79.7,-54.3,0.1,4.4,-20.1,21.5,-31.4,186.7,2.2,-4.9,-8.3,1.7,-32.9,-47.1,2.2,-4.9,-8.3,60.3,19,-75.5,2.2,-4.3,-8.4,60.3,19,-75.5,2.9,-3.6,-8.5,5.3,0.9,2.1,0.5,-0.6,-1.7,-41.5,-3.8,8.3,1.4,3.5,-6.6,23,10.9,24.8,2
-0.6,1.7,-9.7,-27.1,-10.9,0,-0.2,2.7,-9.1,-5.7,-0.6,-30.9,-0.4,10.5,-15.3,68,28.2,317.7,3,-3.1,-9.5,-0.8,-11.3,-15.1,2.7,-3.2,-9,-1.2,0.4,0,2.9,-3.5,-8.7,0.4,0.5,4.2,-1.9,0.2,1,-182.9,-10.8,-316.4,-0.8,3.1,-7,-2.4,14.9,36.6,-0.8,3.1,-7,-3.8,-2,-5.4,0.2,2.6,-9.3,-3.8,-2,-5.4,2
-0.3,2.8,-9.4,-0.1,-1,-4.1,-0.4,3,-9.4,-1.3,1.2,-4.5,-0.7,3.3,-9.1,-4.6,-1,-9.6,-0.4,3,-9.4,-4.6,-1,-9.6,-0.9,2.3,-20.2,-10.4,-20.2,34.6,1.6,-4.1,-7.9,-17.7,3.1,-28.5,1.6,-4.1,-7.9,9.8,5.7,11.5,1.3,-3.6,-8.6,9.8,5.7,11.5,0.4,1.8,0.7,-50.2,-77.9,-251.2,0.5,3.2,-8.4,3.3,-15.1,-15.9,2
-0.5,2.8,-9.4,3.3,-15.1,-15.9,-0.5,2.8,-9.4,-1.5,-1,-5.3,-0.4,3.1,-9.4,1.3,0.4,-2.3,-0.2,2.6,-11.1,-1.9,-3.1,-8.7,1.3,-2.5,-5.3,-17.7,18.8,-19.4,1.1,-3.7,-9,3.7,2.7,13.2,1.1,-3.7,-9,2.4,3.4,0.5,1.2,-4.2,-8.9,2.4,3.4,0.5,1,6.5,-11.6,14.4,-117.9,-352.7,1,2,-8.3,-11.1,-17.3,-28.5,2
0.7,3,-9.2,0.1,1.7,-0.6,0.7,3,-9.2,-6.7,1.9,-7.2,0.5,3.3,-9.3,-6.7,1.9,-7.2,0.1,3.6,-9.3,0.3,-0.5,-1,-0.2,0.7,0.3,17.6,-33.3,116.9,-0.2,0.7,0.3,-1.6,5.6,14.2,1.7,-4.5,-8.9,-1.6,5.6,14.2,1.7,-4.5,-8.9,6.6,3.1,-1.7,1.7,-5.4,-8.3,6.6,3.1,-1.7,0.8,0.2,-1.3,5.3,-2.5,-74,2
0.8,4.1,-7,0.7,-1.8,21.6,-0.3,3.8,-9.3,0.7,-1.8,21.6,-0.3,3.8,-9.3,-14.1,8.3,-7.6,0,2.4,-17,-11.1,-3,-41.7,1.9,-5.3,-6.4,-39.7,23.7,-34.2,1.1,-3.4,-8.8,3.8,3.7,9.7,1.2,-3.5,-8.7,-1.8,0.7,-0.7,0.6,10.3,-16.4,-9.6,-72.2,-446.1,0.6,2.1,-8.6,-2.5,-14.7,-53.1,0.1,3.3,-8.8,-2.5,-14.7,-53.1,2
0.1,3.3,-8.8,-1.4,0.1,0.9,-0.3,3.6,-9,-4.1,-0.8,-2.9,-0.7,4.1,-9,-3.9,-0.1,-4.9,1.1,-2,-1.4,-3.6,6.8,12.1,1.4,-4.1,-8.8,4.2,4,13.7,0.9,-4.5,-9,4.9,0.9,-2.9,0.7,-1,-3.7,-2.8,-2.7,-49.9,0.8,4.3,-5.7,-4.7,10.5,66.8,-0.8,3,-9.3,-3.1,4.3,0.2,-0.8,3.3,-9.3,-4.9,0.2,-3.6,2
-1,3.6,-9.2,-0.9,1,-2.5,-1,3.9,0.1,91.6,-56.4,192.4,1.8,-3.3,-9.7,-8.7,3,1.9,1.3,-3.9,-8.8,-2,-0.2,1.5,0.9,-4,-9,-2.9,2.5,-1,0.9,-4,-9,0.3,0.6,2,1,-3.8,-7.5,0.3,0.6,2,4.3,-1.5,-22.7,-99.9,25,25.2,0.5,3.3,-10.2,-99.9,25,25.2,0.5,3.3,-10.2,-16.4,-8,-33.1,2
0,3.5,-9.1,-16.4,-8,-33.1,0,3.5,-9.1,-4.2,-0.8,-6.7,-0.3,3.9,-8.9,-4.2,-0.8,-6.7,-0.3,3.9,-8.9,-9.5,-0.8,-9.7,-3.1,9.3,-5.2,60.7,-13.5,269.3,1.4,-2.6,-10.8,-7.3,-2.3,-19,0.9,-3.3,-9.1,-2.2,-0.8,-4.4,0.7,-2,-6.3,12.7,-1,9.5,-3.6,3.7,-14.9,12.7,-1,9.5,-3.6,3.7,-14.9,37.1,-1.5,63.7,2
0.1,3.8,-10.2,-19.7,1.7,-4.1,0.1,3.8,-10.2,-5.4,-2.1,-7.1,-0.6,4.1,-8.9,-5.4,-2.1,-7.1,-0.2,4.3,-10.9,9.7,4.1,1.1,2.2,-4.8,-3.2,9.7,4.1,1.1,2.2,-4.8,-3.2,-48.1,20.3,-15.8,1.5,-3.2,-8.8,3.2,0.4,8.7,0.9,-2.1,-3.9,-5.9,4.9,0,-0.8,4.7,-7.5,79.6,-6,2.2,-1,4.2,-9.2,-5.7,1.4,0.4,2
-1.4,4.5,-8.6,-5.5,0.7,-3,-1.6,4.9,-9.1,5.8,1,3.9,-0.5,1.8,1.3,36.5,-56.3,68.3,1,-3,-9.4,-8.3,4.2,4,0.5,-3.1,-9.5,0.2,-0.3,2.8,0,0,-4.8,24.1,1.2,-38.5,0.3,5.6,-6.6,33.9,20.8,104,0.1,3.7,-9.5,-4.1,2.8,6.1,0.1,3.7,-9.5,-7.9,-2.1,-9.6,-0.5,3.9,-9.1,-7.9,-2.1,-9.6,2
-1.4,4.7,-9,-4.6,-0.2,-12,-0.9,2.4,0.8,52.6,0.1,52,2.8,-2.5,-9.6,-9.1,5.3,7.5,2.3,-3.1,-9.2,-3.3,1.2,3.4,2.3,-3.1,-9.2,-17.3,-7.1,-24.6,0.6,-0.7,-2.6,-17.3,-7.1,-24.6,1.1,5.2,-6.4,22.7,18.5,104.4,0.3,3.9,-9.5,-13,2.6,6.9,-0.2,3.8,-9.1,-5.6,0.5,-4.4,-0.4,4.1,-8.9,-1.1,1.5,-0.4,2
-0.5,4.1,-8.9,-0.8,0.1,-1.4,0.3,3.9,-10.7,20.1,9,-41.1,0.3,3.9,-10.7,-22.8,19.8,-64.2,1,-4,-6.9,-22.8,19.8,-64.2,1.3,-3.1,-8.8,3,4.7,10.7,1.2,-3.2,-9.3,3,4.7,10.7,1.2,-3.2,-9.3,-1.4,3,5.8,1.3,-3.5,-8.3,-1.6,1.9,-9.7,1.3,-3.5,-8.3,-67.5,-67.5,-333,-1.4,13.5,-16.4,-67.5,-67.5,-333,2
0.2,3.5,-8.4,1.7,6.9,-1.8,-0.7,4.3,-8.7,-7.4,-0.6,-5.3,-1.3,4.6,-8.6,-2.2,-0.9,-4.2,-0.6,3.7,-15.3,27.4,12.8,16,2,-3.9,-6.3,-29.6,20.6,-30.5,2,-3.9,-6.3,0.2,6.9,5.4,1.8,-3.3,-8.9,0.2,6.9,5.4,1.8,-3.3,-8.9,-0.5,1.1,2.8,1.5,-3.4,-9.1,-0.5,1.1,2.8,-0.8,1.6,-2.1,-31.3,0,-90.7,2
-0.7,3.4,-7.4,0.8,4,1.7,-0.8,4,-9,-9.6,0.4,-9.4,-1.4,4.4,-8.7,-0.3,-2,-1,-1.4,4.4,-8.7,10.4,7.8,77.9,0,1.1,1.6,10.4,7.8,77.9,0.9,-3.5,-9.5,2.7,4.5,13.5,1.1,-3.6,-7.4,-2.6,4.2,-9.8,1.1,-3.6,-7.4,-142.2,-38,-59.2,0.7,5.6,-21.6,-142.2,-38,-59.2,-0.2,4.4,-8.9,-13,-6,-8.7,2
-0.2,4.4,-8.9,-2.4,0.4,-0.1,-0.7,4.6,-8.7,-2.4,0.4,-0.1,-0.8,4.8,-8.7,-1.7,0.1,-0.7,-0.8,4.8,-8.7,-3.1,-1.1,-0.7,-0.9,4.8,-8.5,-3.1,-1.1,-0.7,-1.5,13.7,-21.7,42.4,28.8,292.4,-1.5,13.7,-21.7,-7.7,-15.1,-25.1,2.7,-3.5,-10.1,-7.7,-15.1,-25.1,1.9,-3.8,-8.6,-2,2.3,-3.1,1.8,-3.9,-8.5,0,0.6,2.2,2
-0.4,2.6,-3.1,0,0.6,2.2,-0.4,2.6,-3.1,-66.3,-79,-229.1,-1.1,3.8,-7.7,29.3,-2.9,5,-0.5,4.4,-8.7,-8.3,0.9,-3.2,-1,4.7,-8.5,-6.3,-0.3,-4.4,-4.9,10.1,-12.5,80.8,-34.7,209.7,2.9,-3.5,-9.2,-17.1,-2.8,-7,1.7,-4.2,-8.6,-9.7,4.8,-0.8,1.6,-4.1,-8.7,5.1,2.2,2.5,-0.6,4.9,-3.7,5.1,2.2,2.5,2
-0.6,4.9,-3.7,-22.1,-84.5,-345.8,-0.6,4.9,-3.7,9.2,1.5,-4.9,-0.7,4.2,-6.5,9.2,1.5,-4.9,-1.6,5.7,-7.9,-13.6,-0.1,-8.1,-4.5,11.6,-10.1,123.8,19.8,270,1.7,-2.7,-10.3,-15,-8.9,-14.7,1.4,-3.6,-9,-3.6,0.4,1.1,1,-0.9,-2.9,-8.1,-4.5,-44.2,-0.5,6.5,-5.9,-8.1,-4.5,-44.2,-0.5,6.5,-5.9,5.4,10.6,120.8,2
-1.2,5.8,-8.3,-8,2.4,6.1,-1.6,5.8,-7.7,-8,2.4,6.1,-1.6,5.8,-7.7,-10.4,-1.9,-5,-1.5,6.8,-10.1,6.5,7.4,-11.7,2,-4.4,-3,-33.7,41.3,-30.2,1.6,-4.1,-8.8,3.1,6.6,1.1,1.7,-4.2,-8,1.3,1.9,-1.5,-1.9,18.5,-19.3,66.4,-67.5,-227.5,-0.6,5.3,-8,-5.6,-0.3,-22.5,-1.4,5.9,-7.9,-4.9,-3.7,-8.2,2
-1.6,5.9,-7.6,-5.6,-3.5,-10.2,-2.5,6.2,-6.4,-9.3,-1.5,-3.9,-1,1.3,1.7,56.5,8.7,172.3,2.3,-3.8,-9.3,-14.7,3.1,3.9,1.7,-4,-8.8,-3.9,-1.2,-4.6,1.4,-4.2,-8.3,8,1.5,6.4,-3.5,22.4,-20.8,53.1,-54,-332.9,0.4,2.5,-8.6,-8.2,-16.3,-41,0.4,2.5,-8.6,-3.4,0.2,-4.3,-0.1,4.1,-8.9,-3.4,0.2,-4.3,2
0.1,-0.2,-9.8,0,-0.1,-0.1,-2.5,-1.6,-9.2,-67.3,-6.7,-15.6,1.3,-0.8,-9.9,49.4,-25.6,-20.5,0,0,-9.1,28.7,6.9,-14,-0.3,0.4,-9.8,41.3,27.5,-2.2,3.4,-0.4,-9.7,-34.5,7.1,5.1,0,0.2,-10.1,4.3,-1.2,-1.8,-0.1,0,-9.7,24,-20.4,-3.6,1.2,-1.6,-9.2,20.8,-24.4,-15.4,1.3,-0.5,-9.6,7.4,-45.5,-17,3
1.2,-0.1,-9.6,-30.5,12.3,4.8,0.9,0,-10.1,22.5,11.3,-24.4,0.7,-0.7,-9.3,5.6,15.7,3.4,0.5,-0.5,-9.7,-7.2,-7.2,-4.3,0.4,0.2,-10.2,-12.7,14.8,-0.4,0.9,-0.1,-9.5,31.5,-3.8,-11.9,0.3,-1.2,-10.3,41.3,0.9,-17.7,-1.6,-0.5,-10.6,28.9,-0.6,-58.9,-0.1,0.5,-8.8,10.3,34.5,35.8,1.7,0.4,-9.6,-70,11.6,30.1,3
0.2,1.8,-7.8,24.1,19.4,-63.2,-0.2,5,-8.6,8.4,-1.3,5.4,0.5,5,-8.6,-1.9,-1.5,12.9,-2.4,4.7,-7.9,-1.9,-1.5,12.9,-2.4,4.7,-7.9,-81.7,-28.8,44.6,-3.9,2.3,-8.7,0,-5.4,17.3,0.7,-0.2,-9.5,21.7,6.7,-3.1,1.6,0,-9.6,16.7,-2.5,-5.2,2.5,0.2,-9.4,-4.8,6.3,0.4,-0.1,-0.5,-10.1,26.6,-9.3,13.7,3
-0.1,-0.3,-9.6,-46.7,26.3,2.4,2.4,1.3,-9.8,-0.7,-12.5,-37.8,1.8,2.5,-10.1,34.5,-43.8,-30.3,1.9,0.9,-9.3,17.7,-8.5,-16.9,2.3,1.5,-9.5,-6.8,-6.5,6.2,0.1,-0.3,-10.1,2.3,-6,-7.3,-2.8,-2.1,-10,-14.5,9.5,16.6,1.5,0.4,-9.7,13.4,-0.6,-13.8,3.2,0.2,-9.2,-29.8,-13.6,3.2,0.1,-1,-9.9,-12.7,1.6,-27.4,3
1.8,0.4,-9.5,0.6,10.8,2.6,2.6,0.9,-9.5,5.3,-1.1,-9.5,2.1,1.3,-9.3,-20.6,-44.4,6.2,0.8,0.6,-10,3.8,24.2,-1.9,1.9,1.2,-9.5,5.9,20.6,11.3,0.7,-0.2,-10,0.4,-18.6,-12,0.7,-0.2,-10,-21.5,13,-11.3,0.1,0.3,-10.1,-21.5,13,-11.3,1.9,0.8,-9.3,18.6,-14.9,4.6,2.5,0.4,-9.4,-37.5,-8.5,40.4,3
-0.5,-1.1,-9.7,10.4,-1.5,-13.6,-0.6,-0.5,-9.6,-20.5,7.2,14.5,1.1,0.9,-9.2,0.5,-1.9,34.2,-0.6,-0.3,-9.5,-30.4,3.2,12,-1.1,0.4,-9.7,-4.6,0,-0.4,-1.5,0,-9.7,-4.9,4.4,-9.8,-1,-0.8,-9.6,8.9,2.4,30.6,0.4,-0.6,-9.8,7.5,-6.4,-14.9,1.3,0.2,-9.9,-1.6,9.9,1.7,1.1,-2.7,-11.5,-22.3,104,-94.6,3
2.8,0.8,-11,45.4,-53.8,72.6,0.1,1.1,-9,-25.3,-30.4,54.9,-0.2,0.6,-9.7,-65.8,3.1,39,0.1,-1.4,-9.6,16.5,-15.8,13,-0.3,-0.4,-10,133.5,40.5,-32.7,0.5,-0.7,-9.4,9.2,1.5,-60.2,1.3,0.7,-10.1,54.8,-5.1,-33.8,-1.7,-0.2,-10.2,25.7,-7.4,58.5,5.2,0.7,-8.5,50,3.5,-7.1,1.7,-1.8,-9.7,-9.9,3.1,-6.3,3
0,-0.2,-9.6,-28.8,-40.8,-6.9,0,-0.2,-9.6,5.4,-1.4,25.3,-2,-0.1,-9.5,5.4,-1.4,25.3,4.2,1,-8.8,26.9,12.8,9.1,4.6,0.5,-8.9,20.8,-4.8,10.1,4.6,0.5,-8.9,-49.8,-28.6,19.9,0.5,-1.5,-10.7,-49.8,-28.6,19.9,-1.1,-1.7,-9.7,58.6,11.5,-91.4,0.9,1.1,-9.7,14.7,13.1,-10.6,3.9,0.8,-9.2,67.4,52.4,-1.8,3
5.1,0.1,-8.3,-45.8,-24.9,21,0.3,-1.7,-9.4,1.1,8.9,-12.9,0.2,-1.1,-9.6,58.5,28.9,-50.3,0.7,0.6,-9.6,-21.6,-12.7,26,-0.2,0.1,-9.8,-6.5,0.4,4.8,1,0.4,-9.5,-3.5,1.6,6.4,1,0.6,-9.8,-1.1,0.5,3.3,1.3,0.5,-9.8,2,0.4,-1.7,1.3,0.7,-9.6,-2.5,-1.2,-1.4,-0.9,-0.1,-9.7,-95.4,-50.1,44.6,3
-1.1,-0.2,-10,113,46,-94.9,1.9,0.9,-9.4,-13.6,-10.1,27.2,-1.1,0.3,-11.6,87.7,80.6,-210.1,-1.1,0.3,-11.6,32.3,14.9,-77.2,0.2,0.3,-10.3,32.3,14.9,-77.2,1.1,0,-10.1,-37.4,-32.8,26.9,2.7,0.2,-9.4,-21.3,5.2,45.2,-1.1,-0.7,-9.8,51.6,6,-39.2,-0.5,-0.9,-9.5,-54,9.1,26.1,-3.8,0.5,-7.8,-35.2,24.5,18,3
0.2,-0.2,-9.8,0.1,-0.1,0,0.2,-0.2,-9.9,0.1,-0.2,0,0.1,-0.2,-9.8,0,0,-0.1,0.1,-0.2,-9.8,-0.1,0,0,0.1,-0.2,-9.8,0,0,0,0.2,-0.2,-9.8,0.1,-0.1,0,0.1,-0.2,-9.8,-0.1,0,0,0.1,-0.2,-9.8,-0.2,0,0,0.1,-0.2,-9.8,0,0,-0.1,0.1,-0.2,-9.8,-0.1,0,0,3
0.1,-0.2,-9.8,0,0.2,0,0.1,-0.2,-9.8,-0.1,0,0,0.1,-0.2,-9.8,0.1,-0.1,0.1,0.1,-0.2,-9.8,0.2,0,-0.1,0.1,-0.2,-9.8,0,0.1,-0.1,0.1,-0.2,-9.8,0.1,-0.1,-0.1,0.1,-0.2,-9.8,0,0,0,0.2,-0.2,-9.8,0,0.1,-0.2,0.2,-0.2,-9.9,-0.2,0.4,0.1,-1.3,-0.5,-11,-25.8,-13.1,-4.2,3
-3,0.7,-12,142.5,-27.4,-62.2,2.5,0.2,-9.4,-16.2,-0.3,-1,-0.9,-1,-10.6,22.7,52.3,5.2,-1.8,-1.3,-10.5,0.2,4.5,-16,-0.5,-1.7,-10.4,7.7,32.1,159.9,-1.3,-0.3,-9.8,-1.2,-4.9,-7.6,-1.3,-0.2,-9.7,0.7,-1.1,-0.3,-1.3,-0.2,-9.7,0.1,0.5,-0.5,-1.3,-0.2,-9.7,0.4,-0.1,0,-1.3,-0.2,-9.8,0,0.3,0,3
-1.3,-0.2,-9.7,0.1,0.1,0,-1.3,-0.2,-9.7,-0.3,-0.3,-0.1,-1.2,-0.2,-9.7,0.2,0.3,0.3,-1.2,-0.1,-9.8,-0.2,-0.5,0.1,-1.3,-0.1,-9.8,-0.3,0.3,-0.1,-0.2,-1.4,-9.9,-8.5,1.4,17.6,1.2,-0.5,-9.2,9.1,-8.6,-10.9,-1.2,0.1,-9.8,-0.5,2.5,-2,-1.3,0.8,-9.7,-0.1,1.4,2.5,-1.3,0.5,-9.7,0.3,-1.2,0.6,3
-1.3,0.5,-9.7,-0.1,0.2,-0.4,-1.3,0.5,-9.7,-0.2,0.7,-0.1,-1.2,0.5,-9.7,-0.2,-1,-0.3,-1.2,0.6,-9.7,0.2,-0.2,-0.1,-1.2,0.5,-9.7,-0.1,-0.4,-0.1,-1.3,0.5,-9.7,0,0.1,0.8,-0.8,-2,-9.5,49.2,12.2,-80.8,2.2,-0.5,-9.1,-8.7,4.7,-3.7,0.7,0.1,-9.8,-14.3,-3.5,3.3,-0.2,-0.1,-9.9,-30,-11.7,11.2,3
-1.2,0,-9.8,-3.2,-7.4,-11.1,-1.4,-0.1,-9.7,1.3,0.6,-4.1,-1.3,-0.2,-9.7,0.8,-0.2,1.4,0.7,-0.4,-9.8,5.5,0.5,-1.5,0.7,-0.4,-9.8,-2.5,-2.6,-1.4,0.4,-0.3,-9.9,-0.1,1.7,-1.2,0.4,-0.3,-9.9,1.4,-1.4,0.8,0.5,-0.2,-9.8,1.4,-1.4,0.8,0.5,-0.3,-9.8,1,-1.5,1.6,0.6,-0.3,-9.8,0.8,-0.4,-1.2,3
0.7,-0.3,-9.8,0.9,-2.8,0.1,0.6,-0.2,-9.8,-0.6,-1,-1.1,0.6,-0.2,-9.9,0.5,-1.5,0,0.5,-0.2,-9.8,0.2,0.3,-0.2,0.6,-0.2,-9.8,0.8,-0.9,-0.2,0.6,-0.2,-9.8,0.1,0,0.9,0.6,-0.2,-9.8,0,-0.3,-0.3,0.6,-0.2,-9.8,0.8,-1.1,1,0.7,-0.2,-9.8,0.8,-1.1,1,0.3,-0.8,-10.1,-7.6,0.3,-4,3
0.1,-0.5,-9.8,-7.6,0.3,-4,0.1,-0.5,-9.8,-1.5,6.7,3.8,0.2,-0.6,-9.8,-1.5,6.7,3.8,0.2,-0.6,-9.8,1.2,-1.2,1,0.4,-0.5,-9.9,7.5,-5.4,-1.1,0.7,-0.4,-9.8,-1.4,4.3,0.3,0.7,-0.4,-9.8,0.5,0.2,-0.3,0.6,-0.5,-9.8,-1.3,0,-0.6,0.7,-0.4,-9.8,-0.9,0.7,-0.4,0.7,-0.4,-9.8,0.4,0.5,0.2,3
0.6,-0.4,-9.8,0.1,0.4,-0.2,0.7,-0.4,-9.8,-1.2,3.1,0.1,0.1,-0.9,-9.9,6.6,1.1,-0.6,0.4,-0.7,-9.8,1.3,-1.1,-1.1,0.4,-0.7,-9.8,-0.1,-1.3,-1.6,0.4,-0.6,-9.8,0.3,-0.4,0.3,0.4,-0.7,-9.8,1.1,-1.6,-1.2,0.3,-0.7,-9.8,0.3,0,2.1,0.3,-0.6,-9.8,0.9,-0.2,1.6,0.4,-0.7,-9.8,0.5,0.2,-0.3,3
0.4,-0.7,-9.8,0.5,0.2,-0.3,0.4,-0.7,-9.8,-1,1.3,0.4,0.3,-0.7,-9.8,0.2,-1.9,-0.1,0.4,-0.7,-9.8,-0.3,0,0.1,0.3,-0.6,-9.8,-1.2,0.6,-0.9,0.3,-0.6,-9.8,-0.2,0.5,-0.4,0.4,-0.6,-9.8,-1.2,1.6,-0.5,0.3,-0.5,-9.8,-1.8,3.7,-0.9,0.4,-0.5,-9.8,-1.8,3.7,-0.9,0.4,-0.5,-9.8,-1.2,0.9,-0.5,3
0.4,-0.6,-9.8,1.1,-2,1.2,0.4,-0.6,-9.8,-0.1,1.1,-0.7,0.2,-0.8,-9.8,-4.8,4.3,-1.8,-2.9,1.9,-6.7,136.5,10.6,26.3,0.1,-0.2,-9.7,-0.3,0.1,0.6,0.1,-0.2,-9.8,0,0.1,-0.2,0.1,-0.2,-9.8,0.1,0.2,0,0.1,-0.2,-9.8,0,0.2,0.1,0.1,-0.2,-9.8,-0.1,0.1,-0.1,0.1,-0.2,-9.8,0.1,0,0,3
0.1,-0.2,-9.9,0,0,-0.1,0.1,-0.2,-9.8,0.1,0.7,-0.4,1.3,0.1,-10.3,-11.1,-5.2,32.2,-0.1,-2.2,-8.6,-6.3,-3.4,-45.8,2,-1.5,-10.1,-25.9,-46.9,16.2,1.3,-1.9,-9.3,7.8,30.1,4.9,1.5,-1.5,-9.7,-0.6,-14.3,30.6,1.5,-2,-9.7,-10.7,-6.6,1,1.7,-2.1,-9.3,-5.9,-0.3,-1.8,1.6,-2.1,-9.3,7.7,-5.4,1.7,3
1.5,-2.3,-9.3,-6.6,-6.9,-7.9,1.1,-1.1,-9.7,6.1,6,-7.8,1.1,-1.2,-9.7,1.1,3.4,0.2,2.4,-1.2,-9,-50.9,67.8,-2.2,-1.8,-1.3,-8.7,1.5,-6.8,-15.7,-0.5,-0.1,-10.7,32.8,-14.7,-10.1,1.2,-0.6,-9.3,1.9,-12,10.7,-1.2,-1.5,-9.6,-74.9,-24.1,38.8,-2.3,-0.6,-9.9,-0.4,15.2,10.4,-2.3,-0.7,-9.7,-1.8,2.9,0.5,3
-2.3,-0.6,-9.5,-67.5,6.1,33.1,-2.8,-0.9,-9.4,6.3,-0.6,-3.2,-2,-0.6,-9.7,22.7,-0.8,-6.7,-0.7,-0.5,-9.5,6.3,-10.7,-11.1,-1.5,-1,-10.1,31.2,-34.7,-26.7,-2.3,-1.7,-9.6,24.6,-3.8,-5.5,-2.5,-1.2,-9.4,45.5,12.7,-43,0.6,-0.3,-9.5,39.8,-108.1,74.2,1.6,-1.3,-10,-73.2,-10.6,31.2,1.5,-0.1,-9.7,71.8,21,-27.9,3
0.2,-1.7,-9.6,-58.8,13.9,26.1,-0.4,-1.5,-9.6,-8.5,-1.9,-4.1,1.2,0,-9,-43.1,-15.8,2.2,-0.4,-0.4,-9.9,221.8,5.7,-34.4,-0.8,1.2,-9.6,221.8,5.7,-34.4,-0.8,1.2,-9.6,-7,2.6,-2.3,-1.1,1.3,-9.7,-5.2,-9.4,-1.9,-1.3,0.7,-9.7,-0.4,0.5,0.5,-1.4,0.8,-9.7,-0.5,-0.2,0.3,-1.4,0.7,-9.7,0.8,0.4,-0.5,3
-1.4,0.7,-9.7,0,-0.1,-0.2,-1.4,0.8,-9.7,0.1,0.1,-0.1,-1.4,0.7,-9.7,0.1,0.1,0,-1.3,0.8,-9.7,-0.1,0,0.3,-1.4,0.7,-9.7,0,-0.2,0,-1.4,0.7,-9.7,0,-0.2,-0.1,-1.4,0.7,-9.7,0.2,0.1,0,-1.4,0.7,-9.7,0,-0.1,0,-1.4,0.7,-9.7,-0.1,-0.1,0.1,-1.4,0.7,-9.7,-0.1,0,0.1,3
-1.4,0.7,-9.7,0.1,0.1,0,-1.4,0.8,-9.7,0.1,0,0.2,-1.3,0.8,-9.7,0.2,0,-0.1,-1.3,0.8,-9.7,0.4,0.2,-0.2,-1.4,0.7,-9.7,0.4,0.2,-0.2,-1.4,0.7,-9.7,0,-0.2,0,-1.4,0.7,-9.7,0,-0.1,0,-1.4,0.7,-9.7,0,0.4,-0.2,-1.9,0.3,-10.3,20,13.9,46.5,-1.8,-0.6,-10.9,142.5,22.3,-5.4,3
-0.5,0.3,-10,8.4,-7.1,-3.4,-0.4,0.3,-9.8,-14.9,2.7,4.5,-0.3,0.4,-9.7,-1.4,4.3,-1.9,-0.5,0.6,-9.8,-1.4,-0.8,-0.5,-0.7,0.5,-9.8,-1.5,0.1,-0.3,-0.8,0.5,-9.8,0.1,0,-0.3,-0.8,0.5,-9.8,0.3,1.3,-0.1,-0.7,0.5,-9.8,-0.3,-0.1,-0.2,-0.8,0.5,-9.8,-0.4,0.8,0.1,-0.8,0.5,-9.8,0.3,-0.2,0,3
-0.8,0.5,-9.8,-0.4,-0.5,0.4,-0.8,0.5,-9.8,-0.2,0,-0.1,-0.8,0.5,-9.8,-0.4,-0.3,0,-0.8,0.5,-9.8,-0.4,0.2,0,-0.8,0.5,-9.8,0.4,0.1,-0.2,-0.8,0.5,-9.8,-0.2,-0.9,0,-1.2,0.3,-9.8,-1.8,-0.6,1.1,-1.1,0.4,-9.8,0.3,0.2,-0.6,-1.2,0.2,-9.7,1.9,3.2,-1.6,-1.1,0.4,-9.8,-0.4,0.3,0.7,3
-1.2,0.5,-9.7,-0.7,-0.2,1.1,-1.1,0.5,-9.7,0.9,3.2,-1,-1.1,0.4,-9.7,0.7,0.5,-0.7,-1.1,0.5,-9.8,0.2,0.6,-0.4,-1.1,0.5,-9.7,0,-0.7,-0.2,-1.1,0.5,-9.7,0,-0.1,-0.2,-1.1,0.5,-9.7,-3.1,2.6,4.9,-0.7,-1,-9.6,-18.2,-8.6,-42.7,0.5,0.5,-9.8,-20.6,6.6,-4.1,-0.5,0.4,-9.8,-8.6,12,2.9,3
-0.5,0.4,-9.8,0,0.1,0.2,-1.2,0.4,-9.7,-3.1,-0.7,3.1,-1.4,-1,-10.1,-6.3,-36.5,-17.2,-1.4,0.1,-9.8,3.5,-1.3,-0.7,0.5,0.3,-9.8,-10.4,34,-2.8,1,0.5,-9.8,9.3,-1.1,-1.4,1.3,0.1,-9.7,-14.5,3.7,-4.1,0.3,-0.4,-9.8,10.4,-46.1,-37.4,-1,-0.2,-9.7,12.9,14.6,9.8,-0.3,-0.3,-9.8,12.9,14.6,9.8,3
-0.3,-0.3,-9.8,8.8,-3,2.2,-0.1,-0.2,-9.8,1.8,-1.8,2.7,-0.1,-0.2,-9.9,2.9,-0.5,0.5,-0.1,-0.2,-9.9,-2.6,3,-1.8,-0.1,-0.1,-9.8,-2.6,3,-1.8,-0.1,-0.1,-9.9,1.4,-2.4,0.6,0.4,-0.4,-9.8,-6.1,-0.9,-4.2,1.9,0,-9.7,36.4,-57.8,-26.1,0.5,-0.3,-9.8,-1,-3.4,-2.5,0.3,-0.4,-9.8,-0.8,-0.6,-2.3,3
0.2,-0.4,-9.8,-0.8,-0.8,-0.4,0.2,-0.4,-9.8,-0.5,-0.1,-0.1,0.1,-0.3,-9.8,2.4,-3.5,0.5,0.2,-0.4,-9.8,-0.2,0.3,0.4,0.2,-0.4,-9.8,0.5,0,0.8,0.2,-0.3,-9.8,0,-0.1,0.2,0,-1.5,-10.1,-6.9,-46.3,48.7,-0.6,-1.8,-9.8,39.5,46.4,-15.1,-0.1,0.6,-9.9,7,-7.6,-1.5,0,1.2,-9.7,18,-12.6,-3.4,3
-0.4,0.5,-9.9,-0.1,-1.5,0.8,0.6,0.2,-9.8,0.4,-4.3,1.4,0.5,0.1,-9.8,3.2,-0.5,13.9,-0.2,-0.8,-9.9,0.8,-0.2,3.4,0,-0.6,-9.8,0.5,-0.4,-2,-0.9,-0.5,-9.7,-21.4,31.2,-4.1,-0.9,-0.5,-9.7,7.5,-16,4.8,0,-0.6,-9.7,7.5,-16,4.8,-0.2,-0.2,-9.8,-1.3,7.3,-1,0,-0.6,-9.8,1.4,3.1,2.6,3
-0.5,0,-10,1.5,8.7,0.3,1.8,-0.6,-9.6,63.4,6.1,-8.1,3.4,0.1,-9.7,-29.9,-18,-12.9,0.8,-1.8,-9.7,-10.7,-11,-10.6,0.9,-1.1,-9.7,-10.6,1.5,-4.7,0.1,-0.8,-10.1,32.8,10.2,-26.4,1.4,-0.7,-9.8,-0.4,-0.4,-2.6,1.5,-0.5,-9.7,0.3,1.3,-1.1,1.5,-0.5,-9.7,-1.2,-0.5,-2.1,1.5,-0.4,-9.7,-0.7,0.5,0.1,3
1.5,-0.6,-9.7,-0.6,1.2,0.3,1.5,-0.4,-9.7,-0.5,-0.5,0.1,1.5,-0.5,-9.7,-0.3,0.9,-0.3,1.5,-0.5,-9.7,1.3,1.2,-0.8,1.5,-0.5,-9.7,-0.1,-0.1,-0.8,1.6,-0.5,-9.7,-0.3,0.1,0.2,1.7,-0.4,-9.5,-22,14.8,22.7,1.1,-1.2,-9.7,3.6,4.3,-0.7,1.3,-1.1,-9.7,-0.7,0.4,-1.2,1.2,-1,-9.8,3.1,-1.1,0.1,3
1.2,-0.9,-9.8,0.9,-0.3,2.3,1.3,-1,-9.7,0.7,0.6,0.4,1.4,-0.7,-9.7,-10,10.5,-1.1,0.8,-0.7,-9.9,-10.8,13.2,-3.3,0.7,-0.7,-9.8,-0.6,-1.4,-1.5,0.9,-1.1,-9.7,8,-3.8,0.9,1,-1,-9.7,0.5,1.4,-0.6,1,-1,-9.7,-0.1,0.2,-0.2,1,-1,-9.7,0.3,-1.7,-0.9,1,-0.9,-9.7,-0.6,0.7,-0.1,3
1,-0.9,-9.7,-0.5,0.4,-0.4,1,-1.4,-9.5,-27.7,3.7,20.1,0.4,-1.6,-9.7,14,4.5,-3.3,1,-1.7,-9.7,-2.8,1.3,0.6,0.8,-1.7,-9.7,1.1,3.3,3.1,0.8,-1.8,-9.6,0,-1,0.2,0.8,-1.8,-9.7,0.8,0.6,-0.5,0.8,-1.8,-9.6,0.6,0.1,0.9,0.8,-1.8,-9.6,-0.1,1.3,0.6,0.8,-1.8,-9.6,0.5,-1,-0.1,3
0.9,-1.8,-9.6,-0.2,0.8,0.8,0.8,-1.9,-9.6,-2.7,-2.7,0.8,0.8,-1.8,-9.6,-1.2,-0.2,-0.9,0.8,-1.8,-9.6,0.5,0.2,-0.5,0.8,-1.8,-9.6,0.7,0,0.7,0.8,-1.8,-9.6,-0.2,-0.1,-1.2,1.7,-2.5,-8.7,9.9,-16.4,9.5,0.9,-1.7,-9.4,20.5,-16,15.4,1.5,-3,-9.2,-5.7,-45.3,-9.2,-0.6,-3,-9.3,-3.3,31.7,-2,3
-0.4,-2.1,-9.7,10.6,22.5,17.2,0.8,-1.7,-9.5,10.6,22.5,17.2,0.8,-1.7,-9.5,2.3,-3.8,-4,0.9,-1.5,-9.7,15.1,-33,-6,0.6,-1.3,-10,71,-20.8,-30.8,1.2,-0.6,-9.5,-27,-22.5,26.3,-0.6,0.3,-10.2,44.7,24.1,-4,0,0.8,-9.7,37.5,5.6,4.3,-1.6,0.6,-10,37.5,5.6,4.3,-1.6,0.6,-10,73.8,39.7,-5.4,3
-1.5,0.5,-9.9,13.5,-0.1,-10,2.1,1.9,-8.7,-40.2,1.5,4.6,-1.3,0.6,-9.8,-12.2,-6.1,10.1,-4.5,-2.1,-8.9,153.7,-46.9,150,-4.4,-3.8,-2.1,280.1,-16.1,158.7,-0.3,-2.1,-9.3,55,10.1,-90.2,2.6,-1.5,-11.5,-56.4,-174.7,35.6,-0.1,2.1,-7.4,105.1,-38.9,51.9,1.5,-1.8,-9.2,2.1,-47.4,28.2,3,-1.5,-9.9,18.4,-18.2,-2.3,3
-2.3,-2.8,-8,-52.2,29.3,57.4,1.1,1,-8.8,18.2,51.9,-21.7,2.9,0.5,-9.1,9.5,2.4,7.5,4.1,0.3,-9.3,23.9,11,-4.5,4.1,-2,-9.9,17.3,-62.7,-4.3,2.8,-2.4,-9,12.5,20.7,-16.3,3,-3.5,-10.6,7.1,24.5,19.9,2.7,-1.1,-6.8,-49.1,10.9,-34.5,1.9,-1,-9.3,-3,42.8,1.6,2.9,-2.3,-9.5,-1.2,-11.1,0.3,3
2,-2.5,-9.1,-0.7,9.3,1.1,1.1,-2.6,-9,-26.2,-11,6,-0.9,-3.4,-9.3,-26.2,-11,6,-0.9,-3.4,-9.3,-1.6,-0.4,3.8,-0.9,-3.3,-9.1,2.2,3.5,2.6,0.7,-3.9,-9.4,0.7,-15.5,-3,-0.2,-3.4,-9.1,-6.9,-1.4,1.9,-0.1,-3.3,-9.3,-6.9,-1.4,1.9,-0.1,-3.3,-9.3,4.8,5.1,2.4,-0.1,-3.2,-9.2,0,5.2,-0.5,3
0.1,-3.2,-9.3,-1.7,2.2,-0.5,2.2,-3.8,-10.2,47.4,29.3,-18.5,0.4,-5.1,-11.7,28.6,-26,-65,2.8,-1.5,-9.4,-34.2,16.3,15,1.4,-2.3,-9.3,3.8,-1.7,1.5,1.4,-2.3,-9.3,4.8,-8.8,0.3,1,-2.6,-9.5,4.8,-8.8,0.3,1.4,-2.5,-9.4,2.8,-0.2,1.3,1.3,-2.3,-9.6,0.8,0,-1.5,1.3,-2.5,-9.4,-0.4,-0.3,-1,3
1.1,-2.5,-9.4,3.9,-7.1,1.5,1.2,-2.6,-9.5,0,7.2,3,1.4,-2.4,-9.8,-5.5,-5.4,-2.9,1.2,-2.3,-9.5,-0.1,2.3,2,1.2,-2.4,-9.3,-1,-0.6,-0.3,1.2,-2.4,-9.3,-11.4,1.7,-4,0.4,-2.4,-9.6,-38.8,-16.1,17.5,0.4,0.3,-9.2,-33.8,-12.7,27.5,-0.5,-1.8,-9.8,30.7,12.2,6.9,0.5,-2.1,-9.5,6.3,-1.5,3.7,3
0.8,-1.9,-9.7,-0.6,-0.9,-0.3,0.8,-2,-9.6,-0.3,-0.8,0,0.7,-1.9,-9.6,-0.7,-0.2,-0.5,0.7,-2,-9.6,-0.8,0.4,1.9,0.7,-2,-9.6,0.6,0.4,0.9,0.7,-2,-9.6,1.4,0.8,3.9,0.7,-2.3,-9.5,0.1,0.1,0.1,0.7,-2.2,-9.6,-0.7,-1.8,-0.7,0.7,-2.3,-9.5,2.1,-0.2,-0.3,0.7,-2.2,-9.6,0,-0.3,0.1,3
0.7,-2.2,-9.5,0.9,0.6,0.7,0.7,-2.3,-9.5,-1.2,-0.2,-0.1,0.7,-2.3,-9.4,-8.5,-1.7,1.3,0,1.3,-9.2,-44.2,-9.8,-28.2,-2.4,-1.7,-9.7,11.8,20.7,11,-2.4,-1.7,-9.7,16.2,-8,5.8,0.2,-1.7,-9.7,16.2,-8,5.8,3.2,-1.9,-9,16.2,-8,5.8,3.2,-1.9,-9,0.2,16.7,-6.7,2.6,-2,-9.3,-8.5,3.6,-1.4,3
2.6,-2.1,-9.3,-2,1.2,-1.4,2.2,-2.2,-9.4,-0.3,-0.1,-0.7,2.1,-2.3,-9.4,-1.2,1.1,0.3,2.1,-2.3,-9.3,0.1,1.1,-0.6,1.8,-2.5,-8.9,-148.3,-44.5,58.3,0.7,-0.8,-9.9,6.7,-20,-26.7,-1.4,-1.1,-9.5,11,1.6,2,-1.4,-1.1,-9.5,2.2,1.8,0.6,0.1,-0.9,-9.8,2.2,1.8,0.6,0.4,-1,-9.7,0.8,-0.3,1.6,3
0.4,-1.2,-9.8,1.6,-0.1,7.6,0.5,-1.9,-9.6,-20.8,0,4.7,0.5,-1.4,-9.7,5.1,-7.8,-12.1,1.6,-2.1,-10.8,45.6,11.1,-5,3.6,-1.7,-8.6,2.3,-2.6,10.9,4.3,-1.3,-8.8,-75.8,-7.4,39.9,2.8,-1.3,-9.7,-2.2,-16.9,-13.8,2.7,-1.7,-9.7,-11.1,6.7,6.9,2.4,-1.3,-9.2,-14.3,7.7,-12.1,1.7,-1.7,-9.5,-2,-8.6,0.3,3
0.6,-0.6,-9.3,31.3,75.7,10.4,0.6,-1.7,-10.3,31.3,75.7,10.4,0.6,-1.7,-10.3,23.3,60.2,3.3,3.8,-1.8,-10.7,53.1,0.8,-69.1,-0.8,0.3,-10.4,-38.4,31.1,20.7,-1,-0.1,-9.9,26.4,-32.8,-1.9,0.8,0.9,-9.6,-14.7,-19.5,5.6,-2.3,0.4,-11.2,-41.7,-3.5,25.9,-0.7,-0.6,-8,102.1,-7,-2.9,0.1,-0.2,-9.8,-0.1,-0.1,0,3
0.1,-0.2,-9.8,0.2,-0.1,-0.1,0.1,-0.2,-9.8,0,0,0,0.1,-0.2,-9.8,-0.1,0,-0.1,0.1,-0.2,-9.8,-0.1,0,0,0.1,-0.2,-9.8,-0.1,0,0,0.1,-0.2,-9.8,-0.1,0.1,-0.1,0.1,-0.2,-9.8,0,0.1,0.1,0.1,-0.2,-9.8,-0.1,0.1,0,0.1,-0.2,-9.8,0,0,0.1,0.1,-0.2,-9.8,0,0.2,0,3
0.1,-0.2,-9.8,0,0.1,-0.1,0.1,-0.2,-9.8,-0.1,0.1,0,0.1,-0.2,-9.8,-0.1,0,0.1,0.1,-0.2,-9.8,0.1,0.1,0,0.1,-0.2,-9.8,0,0,0,0.1,-0.2,-9.8,0,-0.1,0.1,0.1,-0.2,-9.8,0.1,0,0,0.1,-0.2,-9.8,-0.1,0.1,0,0.1,-0.2,-9.8,0,0,-0.1,0.1,-0.2,-9.8,-0.1,0.1,0,3
0.1,-0.2,-9.8,-0.1,0,-0.1,0.1,-0.2,-9.8,0,0,0,0.1,-0.2,-9.8,0.1,0,0.1,0.1,-0.2,-9.8,0,0,0,0.1,-0.2,-9.8,0.1,0,0.1,0.1,-0.2,-9.8,0,0,-0.1,0.1,-0.2,-9.8,0,-0.1,0.1,0.1,-0.2,-9.8,0,0,0.1,0.1,-0.2,-9.8,0.1,0,-0.1,0.1,-0.2,-9.8,0.1,0,-0.1,3
0.1,-0.2,-9.8,0.1,0.2,-0.2,0.1,-0.2,-9.8,0.1,-0.1,-0.1,0.1,-0.2,-9.8,0,0.1,-0.1,0.1,-0.2,-9.8,-0.1,0.1,-0.1,0.1,-0.2,-9.8,-0.2,0.1,0,0.1,-0.2,-9.8,0,0.1,0.1,0.1,-0.2,-9.8,0.2,0,0,0.1,-0.2,-9.8,0.1,0,-0.1,0.1,-0.2,-9.8,0,0.1,0.1,0.1,-0.2,-9.8,0,0,-0.1,3
0.1,-0.2,-9.8,0,0,-0.1,0.1,-0.2,-9.8,-0.1,-0.2,-0.1,0.1,-0.2,-9.8,-0.1,-0.2,-0.1,0.1,-0.2,-9.8,0,0,-0.2,0.1,-0.2,-9.8,-0.1,0.1,0,0.1,-0.2,-9.8,-0.1,0.1,0,0.1,-0.2,-9.8,0,0,0,0.4,0.5,-9.9,2.6,-14.9,-58.4,2.3,-3.3,-7.3,2.3,22,6.3,0.9,-0.6,-10,43.8,-5.5,-17.7,3
0.4,-1.8,-10,2.1,-12.4,3.9,1.1,-1.8,-9.6,2.5,-13.9,-8.8,0.8,-1.9,-9.4,0.6,7.2,5.8,0.8,-2.3,-9.7,1.6,6.3,4.4,0.7,-2.2,-9.5,-1.3,4.2,-0.3,0,-1.9,-9.8,-42.7,-11.8,0.9,-0.8,-1.6,-9,-9.3,-57.3,-29.9,-0.9,-1.4,-9.6,0.4,25,18,-0.7,-1.5,-9.7,3.2,1.8,-3.2,-0.4,-1.2,-9.8,2.4,1,-4.1,3
-0.3,-1.2,-9.7,0.1,1.8,2.1,-0.3,-1.3,-9.7,0.2,0,0.7,-0.3,-1.2,-9.7,0.9,0.3,0,-0.5,-1.8,-9.6,-56.5,-30.9,14.3,0.3,-2.3,-9.8,-0.2,7.1,15.7,0.8,-1.9,-9.8,-3.4,-2.9,7.1,-0.5,-1.5,-9.7,10.7,1,-9,-0.4,-1.2,-9.5,0.9,-6.2,2.7,-1.4,-1.4,-9.8,9.9,-2.6,1.1,-1.1,-1.6,-9.6,0.5,2.8,2.8,3
-0.9,-1.8,-9.6,2.5,-1.6,-2.9,-0.6,-1.5,-9.5,-2.7,-14.1,-14,-0.3,-0.6,-9.4,-2.7,-14.1,-14,-0.3,-0.6,-9.4,-9.4,-52.9,-5,-1.1,-0.4,-10,-5.2,-9.4,1.5,-1,-0.5,-9.9,0.2,-1,8.8,-0.7,-0.3,-9.8,8.6,28,-5.2,0.4,0.1,-9.8,5.2,-20,-7.4,0.6,-1.3,-9.9,31.5,5.4,-6.7,1.1,-1.1,-10,15,88.8,-43.4,3
0.7,0.6,-9.4,10.8,-28.6,19.6,0.6,-0.4,-10,5,3.2,-3.5,0.2,-0.5,-9.9,-5.3,-4,-1.2,0.6,0.8,-8.9,119.1,-14.2,27.3,2.1,-0.3,-9.8,-14,-2.3,-9.9,2.1,-0.4,-9.5,-39.2,6.9,-15.5,1.6,-0.2,-9.9,-2.6,12.5,5.3,0.8,-0.4,-9.8,-6,8.7,-4.3,1.2,-0.5,-10.2,-0.8,-5.3,1.9,0.8,-0.3,-9.7,3.7,-1.4,3.2,3
0.9,-0.3,-9.7,3.7,-1.4,3.2,0.9,-0.3,-9.7,-2.5,0.4,-1.9,0.6,0,-10.4,-0.5,8.2,-0.9,-1.4,0.3,-9.9,-7.3,4.7,4.4,-1.9,-1.2,-9.5,-7.3,4.7,4.4,-1.9,-1.2,-9.5,-29.3,11.7,-18.7,-1.4,-0.9,-9.8,10,-3.9,10.1,-1.9,-0.4,-9.8,4.3,2.7,5.5,-2,-0.3,-9.4,4.3,2.7,5.5,-2,-0.3,-9.4,4.2,41.8,-3.4,3
-1.4,-1.6,-9.4,18.7,-28.1,30,-0.1,-2.4,-9.4,-0.6,2.8,1.1,-1.3,-1.7,-9.4,18.4,-6.7,13.3,-0.2,-2.5,-9.5,-14.9,4.2,-14.2,-0.5,-2.4,-9.6,-1.8,2,-0.6,-0.9,-1.6,-9.5,0.8,10.2,-8.2,-0.9,-1.6,-9.5,5.1,-1.7,-3,2.6,-1.7,-9.4,5.1,-1.7,-3,3,-1.4,-9.4,14,-6.9,9.1,3.5,-1.3,-9.3,2.5,-6.3,2.7,3
3.6,-1.4,-9,15.9,-3,9.3,3.7,-1.3,-9,1.4,0.5,1.8,3.8,-1.3,-8.9,1.4,-0.4,0.1,3.8,-1.3,-8.9,0.6,0.7,-0.2,3.8,-1.3,-8.9,0.6,0.7,-0.2,3.8,-1.3,-9,1.4,0.3,-0.2,3.2,-1.5,-9.5,4,-1.7,3.2,3,-1.7,-9.2,3.8,-1.3,-0.1,3.4,-1.5,-9,-3.4,0.6,-10.4,3,1.7,-9.2,-3,4,3.3,3
2.2,-0.1,-10.4,-36.6,13,59.2,0.9,-1.2,-9.8,-0.9,2.2,3.4,0.6,-1.9,-9.8,-6.1,0.1,1.6,0.3,-2,-9.6,-2.5,-0.3,1.5,0.2,-2,-9.6,-1.5,-1.8,2.7,0.2,-2,-9.6,-1.4,0.3,-0.3,0.2,-2.1,-9.6,-1.4,0.3,-0.3,0,-2.2,-9.6,-1.8,0,1.1,-0.1,-2.2,-9.6,-0.2,0.1,0.2,-0.7,-2,-9.5,0.7,1.4,-4.2,3
-0.7,-2,-9.5,-4.4,2.7,-2.2,-0.8,-2.1,-9.6,-4.4,2.7,-2.2,-1.6,-1.9,-10.2,-57.4,11.3,-27.4,0.7,-1.5,-11.4,-21.9,-17.6,-54.7,0.4,-1,-9.5,49.9,-14.6,25.1,0.7,-1.5,-9.5,-4.5,2.1,4.5,0.8,-1.7,-9.7,-0.3,1.5,0.3,0.8,-1.7,-9.6,0.1,0.4,-0.3,0.7,-1.7,-9.7,-10,1.5,2.1,0.4,-1.8,-9.6,-1.5,0.5,0.3,3
0.4,-1.9,-9.6,0.1,-0.1,0.5,0.4,-1.9,-9.7,-0.3,0.8,-0.2,0.5,-1.9,-9.7,0.5,-0.2,0.8,0.4,-2,-9.6,-0.4,-0.2,1,0.4,-1.9,-9.6,1.5,-0.4,0.8,0.3,-2.2,-9.4,9.5,13.1,1.8,-0.1,-3.3,-8.2,63.8,27.7,24.1,4.2,-3.2,-8.9,-19.6,-49.2,50.3,2.4,-0.8,-10.9,29,-59.9,-37.3,1.2,0.2,-7.7,6.6,-12.5,37.5,3
1.6,-0.3,-10.2,-11.1,16.9,6.1,0.4,-1,-9.4,12.9,5.1,4.5,1.8,-1.4,-9.8,2.4,7.2,20.9,0.9,-1.6,-8.8,-12.8,-6.6,19.8,0.7,-2.4,-10.8,-17.1,11,-2.7,0.6,-1.4,-9.7,-17.1,11,-2.7,0.6,-1.4,-9.7,-0.3,3,-4.9,1.2,-1.9,-11.2,-13.8,-28,31.1,-0.4,-1.5,-11.3,32.1,28,-67,0.7,-1.5,-10.1,-47.5,42.8,54.1,3
-0.3,-2.7,-9.5,-28.1,-12.6,8.2,0.1,-2.1,-9.5,4,-3.4,-3.6,-0.8,-2.3,-9.4,-18,-16.3,1.9,0.1,-1,-9.9,-24.5,-18.8,-5.4,0.1,-1,-9.9,22.8,-13.2,-44,-0.5,-0.3,-9.8,22.8,-13.2,-44,0.5,-0.2,-9.7,8.9,22.1,10.6,-0.8,-0.9,-10.1,-17.2,-15,27.2,0.7,-0.7,-9.8,-2.4,-4.2,-0.3,-0.3,-1,-9.6,2.5,12.3,-12.7,3
1.5,-1.4,-9.9,-20.1,-18.1,-6.6,-0.6,-1.2,-9.7,-8.5,-40.9,0.9,-0.3,-0.5,-9.7,5.1,-4.6,-20.2,-0.6,-0.2,-9.7,1.3,2,8.5,-0.7,-0.3,-9.8,-4.2,5.2,1.3,-0.5,-0.8,-9.9,-1.5,6.8,2.7,-0.5,-0.8,-9.7,1.3,3.9,6,-0.8,-0.6,-9.9,8.9,2.3,-14,-1.9,0,-9.7,2.7,3.5,0.5,-1.7,0,-9.7,-0.5,1.8,2.8,3
-1.6,-0.1,-9.7,0.8,0.9,2.4,-1.8,0.2,-9.4,60.7,59.2,0.4,-0.4,1.3,-9.9,30.5,10.2,-21.1,1.3,1.2,-9.6,8,8.5,-0.1,1.2,0.9,-9.7,-4.8,-2.3,0.8,1,0.9,-9.8,1.8,1.3,-0.9,1,0.8,-9.8,0.1,-1.2,0.7,0.8,0.7,-9.7,-3.1,-1,3.1,0.7,0.8,-9.8,-1.5,1.8,1.4,0.7,0.7,-9.8,1.4,0.4,2.1,3
0.7,0.8,-9.7,-0.5,-1.5,-0.7,0.8,0.7,-9.7,-3.3,-2.7,0.7,0.5,1.2,-9.7,21.2,1.8,-2.9,0.1,0,-9.8,-0.1,2.4,-0.2,0.5,-0.2,-9.8,-0.6,0.6,-0.9,0.3,-0.2,-9.8,-0.3,-0.3,-0.5,0.5,-0.3,-9.8,-0.8,-0.7,1.2,0.5,-0.3,-9.7,1.8,0.1,2.1,0.6,-0.2,-9.8,1.4,-0.1,1,0.6,-0.3,-9.8,-0.9,-1.7,1.5,3
0.7,-0.4,-9.7,-0.9,-1.7,1.5,0.7,-0.4,-9.7,-1,-1.9,1.1,0.7,-0.3,-9.8,-1,-1.9,1.1,0.7,-0.3,-9.8,-0.6,-1.1,-1.9,0.4,-0.1,-9.9,1.3,-0.3,3.3,0.1,-0.2,-10.1,-6.4,-3,8.9,0.9,-0.8,-9.8,-28.1,-17.4,-11.4,0.4,0,-9.9,-2,1.3,0.9,0,-0.2,-9.9,-5.3,-14.6,0.8,0.7,-0.9,-9.4,10.1,-1.2,-14,3
-0.4,-0.2,-9.7,-1.3,-0.6,3.6,-0.7,-0.4,-9.6,11.5,2.8,1.1,0.6,-0.3,-9.5,13.6,0.4,-13.4,-0.7,0.8,-9.8,2,-0.5,3.8,1,0.7,-9.9,-2.6,1,2.6,1,0.5,-9.8,1.3,0.8,3.1,1,0.5,-9.8,-7.2,2.9,9.3,0.5,0.6,-9.7,-7.2,2.9,9.3,0.6,0.3,-9.7,6.2,-5.7,-2.4,0.9,0.5,-9.8,-0.9,-0.5,-0.8,3
0.8,0.4,-9.9,1.4,2.7,2.4,0.8,0.3,-9.8,1,-0.9,0.7,0.7,0.3,-9.9,-0.4,4.1,2.7,0.8,0.2,-9.7,0.6,-1.1,-1.4,0.2,0.1,-9.9,10.7,7.1,0.1,0.1,-2.1,-9.3,2.3,-10.5,-18.6,0.3,-1.2,-9.7,-1,-4.2,-2.8,1,-0.9,-9.5,39.7,2,-9.6,0.9,0.6,-9.6,-8,-27.8,-16,0.4,-0.6,-8.5,22,-41.6,-47.2,3
-1.3,-0.8,-9.7,34.2,24.1,55.5,-0.5,-0.4,-9.8,50.2,9.4,-8.5,-0.8,-1.6,-8.3,-19,-7.3,49.7,-1.3,-1.1,-10.2,-4.3,-1.6,-8.5,-0.5,-0.6,-9.3,13,-55.7,-1.1,0,-0.9,-10.1,-18.9,-55,-0.3,0.2,-1.3,-9.3,-10.5,55.3,7.4,-0.7,0.5,-10.2,23.5,21.9,-5.2,-0.7,0.5,-10.2,23.4,35,-0.7,-0.6,-0.1,-9.4,23.4,35,-0.7,3
0.3,-0.7,-9.3,-14.1,46.7,3.7,0.4,-1.7,-9.3,8.9,4.9,20.2,-0.4,-0.1,-10.2,71.1,-79.7,-14.2,1,-2.1,-9.9,-4.3,-30.1,-37.6,1.3,-1.5,-9.6,-1.8,-4.5,1.3,1.3,-1.5,-9.6,-70.1,56,30.3,-0.3,-1.5,-8.2,-70.1,56,30.3,-0.2,-1.4,-9.5,-2.2,14.7,15,0.6,-1.2,-9.8,-11.1,9.9,-12.5,-1.4,-1.1,-9.6,2.3,12.8,6.3,3
-0.9,-1.1,-9.6,0.6,-16.9,-2.6,-0.1,-1.4,-10.1,-5,-30.2,-6.9,0.2,-0.4,-9.8,12.8,5.5,-2.4,-1.1,-0.8,-10.1,-67.9,-3.3,-28.3,0.1,1.7,-9.4,27,28.5,-41.3,-0.8,0.9,-12.4,33.9,-34.5,-34.4,-0.8,0.9,-12.4,16.5,12.6,11.5,0,-0.6,-10.3,16.5,12.6,11.5,-0.4,-1.5,-9.2,-0.2,15.3,-6.8,-1.1,0.5,-11.6,-9.5,47,-10.4,3
0.1,-0.3,-9.8,0.5,-9.9,7,0.5,-0.4,-9.9,0.3,-0.4,8.2,0,-1.2,-9.8,32,-12,-24.7,2.3,-0.9,-10.6,43.2,11.5,-8.9,-0.3,-3.1,-9.4,-12.4,33.4,20.6,-1.7,-2.2,-7.9,-21.2,-89.3,43.7,4.4,1.4,-12.8,-37.3,-12.3,-29.3,3.6,-1.4,-9.3,6.7,-17.2,31.1,3,-2.5,-8.7,-33.2,3.6,33.6,2.6,-1.3,-9.4,4.5,4.3,3.5,3
2.7,-1.4,-9.4,2.2,0.3,0.4,2.7,-1.6,-9.3,1,3,0.6,2.7,-1.6,-9.3,0.8,3.4,-2.7,2.8,-1.2,-9.5,-4.9,-7.7,4.2,1.3,0.8,-9.9,-21.8,-38.1,-5.7,0.4,-0.7,-9.4,5.8,-9.1,0.1,-0.4,-1,-9.7,-11.5,-12.2,4,0.3,-1.9,-9.1,-2.8,5.2,3,0.7,-2.5,-9.6,0.5,1.6,7.8,0.1,2.7,-10,28.5,25.4,61.3,3
-0.5,-1.2,-9.3,-11.9,-14,5.7,0.1,-1,-10.2,0.1,-5.6,-7.6,-0.5,-1.5,-9.8,1.5,-2.2,-4.7,-0.4,-1.4,-9.6,0.7,-3.3,1.1,3.5,-0.9,-9.6,-27,12.5,-3.4,-0.6,0.4,-9.7,6,13.5,17.5,0.1,-1,-10.1,3.5,7.5,-7.8,1.4,-3.7,-9.1,-28.3,-12.7,0.5,-0.5,-1.4,-9.6,7.3,-0.8,-23.6,0.8,0.3,-10.9,-42.6,8.7,-61.8,3
1,-0.5,-10.2,21.2,7.8,17.8,1.8,-2.2,-9.3,22.1,12.2,19.2,2.6,-3.8,-8.7,25,12.3,20.2,-0.5,-1.7,-8.9,-8.6,-5.6,-7.5,0.1,-2.1,-9.7,-2.2,-5.5,0,-0.2,-1.7,-10.1,-37.1,-9.2,-31.9,-1.6,-0.4,-9.5,0.2,9.6,4.6,-1.2,-1.4,-9.8,-5.1,6.6,-3.4,-0.7,-1.5,-9.4,13.1,4.2,7.1,-0.4,-0.9,-9.8,-3.4,-3.1,4.5,3
0.2,-1.7,-9.7,-1.4,1.2,2,0.3,-1.8,-9.7,-0.9,-0.2,0.7,0.3,-1.9,-9.6,0.2,-1.2,-0.2,0.4,-2.1,-9.6,-2.9,-1.1,-4.8,0.5,-1.8,-9.8,-2.6,-3.3,-3.5,0.3,-1.9,-9.6,0.3,-0.8,1.2,0.4,-1.9,-9.7,-0.6,0.7,-1.1,0.3,-1.8,-9.6,-0.2,-0.3,-0.2,-0.5,-1.8,-9.6,-19.9,-19.4,-1,-0.5,-1.8,-9.6,-4.9,15.2,4.6,3
-2.4,-1.5,-9.2,-4.9,15.2,4.6,0.2,-2.3,-9.4,20.5,-7.2,-24.1,1,-1.5,-9.5,-4.7,-3.2,-6.1,2.1,-0.9,-9.8,-34.5,-11.3,8,0.4,-0.5,-10,12.2,7.1,17,0.1,-1.3,-9.8,-3.1,2.1,3.8,0.1,-1.6,-9.7,3.6,0.6,-1.5,0.1,-1.5,-9.7,-0.2,0.9,2.5,0.4,-1.4,-9.9,1,-3.6,2.4,0.1,-1.7,-9.6,-0.6,-0.5,0.4,3
0,-1.8,-9.6,2.1,5.5,2.9,0,-1.8,-9.6,0.2,4.8,3,0.1,-1.9,-9.6,0.9,2.6,-1.9,0.1,-2,-9.5,2.3,0.4,-0.1,0.1,-1.8,-9.7,0.5,-0.2,1.4,0.5,-1.5,-9.5,3.9,20.4,8.3,0.3,-2.4,-9.5,-0.4,-0.5,1.6,0.3,-2.4,-9.5,-3.6,0.2,2.6,0.3,-2.2,-9.6,-3.6,0.2,2.6,0,-2.1,-9.5,-0.3,-0.8,0.4,3
0.1,-2.3,-9.5,2.4,-1.8,2.2,0.2,-2.3,-9.6,1.7,-0.5,1.6,0.2,-2.2,-9.5,-1.7,-1,-0.8,0.1,-2.3,-9.6,2.3,3.2,1.7,0.1,-2.3,-9.5,0.2,-0.2,-0.6,0.3,-2.4,-9.6,0.1,-0.7,0.5,0.2,-2.3,-9.5,-0.1,0.6,0.3,0.2,-2.2,-9.9,-16,-21.8,-33.9,-2.1,-0.9,-8.8,15.8,15.5,-0.9,-0.4,-1.2,-9.8,0.7,15.2,5.8,3
-2.3,-1.3,-9.5,-6.5,-73.4,-24.8,0.9,-3.5,-9.6,33.7,-83.5,-6,3,-0.8,-9.5,26,20.7,-94,1.8,-0.6,-9.7,3.4,2.3,16.6,-0.9,-3.6,-9.2,-32.1,-75.2,42.6,-1.4,-1.5,-8.6,-39.9,-27.3,-78.2,-2.1,-1.6,-9.4,-90.3,-99.5,76.2,0,1.2,-10,-8.6,-0.5,-6.9,0.7,-1.3,-9.4,16.8,-37,-3.7,-0.4,-1.3,-9.9,-24.1,22.9,-7.3,3
-3.1,-1.1,-9.7,37.2,38.9,-12.1,2.2,-0.6,-9.4,19.9,-102.6,28.9,-0.5,-1.5,-9.5,-7.7,80.6,-33.9,1.5,-0.8,-10,40.6,-24.3,-19.5,1.3,-1.2,-9.8,-1.6,17.7,-3,-0.6,-1.4,-10,-32.1,13.7,-12.2,-0.7,-0.7,-9.7,13.3,-9.6,10.4,0.4,-0.9,-9.7,-4.4,37.3,8.1,-0.6,-0.8,-9.9,22.6,0.7,-0.4,-0.6,-1,-9.8,15,15.9,-4.9,3
1,-0.8,-9.7,-1.4,-2.9,-3.5,-0.4,-1,-9.6,10.1,14,-9.3,1.8,-1.5,-9.4,4.1,-36.4,7,1,-1.6,-9.6,-3.4,-9,12.5,1.3,-1.2,-9.8,-30.7,27,-23.1,0,-0.9,-9.8,2.5,0.1,5.9,-0.1,-0.7,-9.9,4.5,16.3,-4.1,-0.8,-1.6,-9.6,3.6,12.2,-2.3,-0.4,-1.3,-9.7,-0.4,-5.2,0.1,-1.4,-1.8,-9.8,1.7,8,8.3,3
-0.3,-1.5,-9.7,1.4,-0.1,2.4,-0.1,-1.1,-9.9,3.4,-0.7,-3.2,-0.6,-1.5,-10.2,-20.6,-23.8,10.6,2.8,-1,-9.3,10.7,8.3,-14.8,0.5,-1,-9.8,3.1,-8.4,-0.5,1,-1.5,-9.5,-0.1,0.4,-6.1,-0.5,-1.6,-9.7,-2.6,7.8,3.7,-0.2,-1.5,-9.7,0.1,1.4,-2,-0.3,-1.6,-9.7,-1.2,3,-1.9,-0.4,-1.5,-9.7,0.1,1.5,5,3
-0.4,-1.3,-9.8,2,-0.3,1.3,0.4,-1.5,-9.6,9,-12.5,7.7,0.9,-1.1,-9.8,0.9,4.3,-8.7,-2.1,-2.7,-9.4,16.9,20,-7.2,-0.6,-1.6,-9.9,-10,-3.9,-3.8,0.4,-1.8,-9.5,21,17.3,0.8,-0.2,-2,-9.7,2.6,-7.6,3.9,0.5,-2,-9.5,2.9,-10.7,-9.8,2.4,-0.7,-9.5,-5.6,-14.8,5.9,2.3,-1.4,-9.2,31.9,-13.1,5.3,3
2.3,-1.4,-9.2,-20.4,-10,8.5,1.1,-1.5,-9.7,-20.4,-10,8.5,0.5,-1.3,-9.6,-16.1,-22.1,12.2,1.4,-0.7,-9.8,-1.5,0.7,-10.4,0.6,-1.4,-9.5,27.3,20,4.3,0.1,-1.7,-9.7,29.4,29.9,-7.4,0,-2.3,-9.4,15.8,5.7,-6.4,-1.6,-2,-9.7,67.6,109.7,-30.2,-1.1,-0.7,-9.7,-62.9,-40.5,-4.4,-2.2,-1.6,-9.5,25.9,33.4,54.3,3
-0.4,-2.2,-9.5,15,22.3,5,0.1,-2.1,-9.8,-6.2,-6,5,-0.5,-0.9,-9.9,5.2,19.5,-6.6,0.5,-1.6,-9.6,0.4,-9.8,4.1,0.3,-1.4,-9.9,14,31.7,1.7,0.4,-2.2,-9.5,2.9,0.9,1.5,0.6,-2,-9.5,-1.8,-1.2,-2.2,-0.7,-1.6,-9.7,11.9,16.1,-7.3,-0.4,-1.5,-9.7,3.6,0.8,-0.7,0.8,-0.9,-9.8,9,1,-1,3
0.2,-1.7,-9.6,-7.5,2,13.9,0.6,-1.1,-9.7,-0.6,-4.4,-2.1,0.2,-1,-9.9,1.4,2.5,-9,0.5,-1,-9.8,-11.6,-8.9,13.2,-0.5,0.7,-10.2,50.4,45.7,12.5,2.9,-2.4,-9.8,-7.7,40.9,8.3,2.8,-2.1,-9.6,15.8,21.1,-17.8,3.6,-2.2,-8.9,-5.9,4.5,4.9,1.8,-0.7,-10.1,44.8,-31.6,-64,1,-2.4,-9.5,6.2,4.8,-20.9,3
0.8,-1.8,-9.6,-6.6,0.1,-2.6,0.7,-0.8,-9.6,9.4,44.1,-17,0.9,-1.7,-9.7,5.3,27.8,29.9,-1.4,-2.5,-9.4,22.3,34.1,-15.7,-1,-1.9,-9.6,-32.3,-10.3,-13,2.6,-0.1,-9.9,22.1,2.3,-9,-0.5,-0.1,-10.1,13.4,-7.3,2.7,0.6,-1.5,-9.6,14.6,8.2,19.6,-0.5,-1.7,-9.8,12.5,20.1,-6.9,0.5,-2,-9.8,14.6,4.3,3.7,3
0.4,-1.9,-9.6,-0.1,-8.1,8.7,0.2,-1.9,-9.7,0,2.8,2.8,0.2,-2.1,-9.6,-3.8,-2.7,3,0.2,-1.9,-9.7,-5.7,4.9,-10.4,-0.1,-2.1,-9.6,-0.8,-2.4,2.1,0,-2,-9.6,-0.6,0,0.4,-0.6,-2,-9.6,-24.9,-27.4,0.5,1.6,-0.2,-10,-76.5,-36.6,-1.6,1.6,-0.2,-10,3.4,-2.3,2.2,-0.5,-1.4,-9.8,3.4,-2.3,2.2,3
-1.9,-2.4,-9.5,15.7,32.2,0.1,-1.2,-2.2,-9.4,2.8,5.4,-1.4,-1.5,-2.1,-9.5,-5,6.2,0.6,1.1,-0.7,-9.8,38.8,33.7,-8.6,-0.4,-1.6,-9.7,2.6,1.2,1.7,-0.3,-1.8,-9.7,0.6,0.5,1.4,-0.2,-2,-9.6,1.2,-1.2,2.2,0.2,-1.8,-9.7,1.2,-1.2,2.2,0.2,-1.8,-9.7,-25.9,-5.7,1.6,0.2,-1.8,-9.7,23.9,7.2,3.1,3
0.6,-1.6,-9.5,23.9,7.2,3.1,1.3,-1,-9.2,41.4,6.7,-17.1,1.2,0.5,-10.5,-46.9,14.7,28.7,-0.7,-0.5,-9.6,-21.5,-30.2,-1.6,1.7,-1.6,-9.6,-10.7,-12.1,17.2,-2.1,-2.8,-9.4,34.2,45.3,-17.7,-0.2,-2.2,-9.6,3.7,0.6,-3.3,-0.4,-2.3,-9.6,3.1,-1.6,3.4,0.4,-2.1,-9.6,-5.8,-0.1,5.5,-0.9,-2.3,-9.6,7.9,-1.1,-2,3
-0.4,-1.8,-9.2,-68.9,-22,29,0.3,-1.5,-9.8,-4.5,-9.2,6.3,0.5,-2.2,-9.6,2.7,0.5,3.9,0.6,-2.3,-9.5,2.7,0.5,3.9,0.6,-2.3,-9.5,1,0.7,0.3,0.7,-2.5,-9.5,-0.2,-1.1,-2.3,0.6,-2.7,-9.5,-1.3,-0.5,3.1,0.7,-2.6,-9.3,-0.9,3.1,3.2,0,-1.1,-9.8,5.5,5.9,-14.6,-0.2,-2.1,-9.4,-1.2,8.2,10.1,3
0.2,-1.4,-9.9,2.8,16,3.1,0.5,2,-10.4,9.5,-89.2,-125.8,-1.2,-2.9,-10.3,-1.5,59.7,6.5,-1.2,-2.9,-10.3,-79.6,-94.8,171.4,1.5,-2.8,-9.8,-79.6,-94.8,171.4,1.5,-2.8,-9.8,29.8,-20,-13.2,1.7,2.1,-10,29.8,-20,-13.2,2.9,1.2,-9.8,8.7,-10.4,72.2,2.5,1.2,-10,8.7,-10.4,72.2,2.5,1.2,-10,13.5,-5,-67.9,3
1.2,-1.4,-9.7,-0.2,6.2,-1.2,2.7,0,-9.5,-4.7,-12.5,-3.2,0.9,0.3,-10,-10,9.5,-0.8,1.6,-0.5,-9.7,-12.3,-6.2,60.2,1.1,0.6,-9.8,-13,-16,11,0.1,0.6,-9.8,1.5,-3.5,-5.9,0.4,1,-9.7,-8.4,-16.6,10.3,1.1,0.4,-9.9,-0.3,4.6,-3.3,1.3,0.1,-9.7,-12.4,-14.6,12.8,0.7,0,-9.8,-4.8,3.3,-2.2,3
0.3,0.8,-9.8,21.4,20.3,-11.5,0.5,0.9,-9.8,-44,-27.6,22,1.5,1,-9.6,25.8,-12.4,-6.4,1.2,0.2,-9.8,-2.1,3.3,2.8,1.1,0.1,-9.8,1,0.5,-0.1,1.1,0.2,-9.8,1.3,0.7,1.8,1.1,0.2,-9.5,-13.1,-17.8,13.2,0.5,0.4,-9.8,-5.1,3.2,5.1,0.4,0.3,-9.8,-2.2,3.7,0.7,0.4,0.3,-9.9,0.1,0.7,-0.9,3
